interval_start,region,price_aud_per_mwh
2025-12-31 00:00:00,NSW1,105.78996
2025-12-31 00:00:00,QLD1,94.85414
2025-12-31 00:00:00,SA1,39.66708
2025-12-31 00:00:00,TAS1,39.52
2025-12-31 00:00:00,VIC1,8.95023
2025-12-31 00:05:00,NSW1,95.5913
2025-12-31 00:05:00,QLD1,86.1
2025-12-31 00:05:00,SA1,36.33625
2025-12-31 00:05:00,TAS1,38.14
2025-12-31 00:05:00,VIC1,8.95022
2025-12-31 00:10:00,NSW1,105.79
2025-12-31 00:10:00,QLD1,94.79076
2025-12-31 00:10:00,SA1,34.54354
2025-12-31 00:10:00,TAS1,37.87791
2025-12-31 00:10:00,VIC1,-0.1
2025-12-31 00:15:00,NSW1,105.60223
2025-12-31 00:15:00,QLD1,93.95
2025-12-31 00:15:00,SA1,19.67513
2025-12-31 00:15:00,TAS1,0.08
2025-12-31 00:15:00,VIC1,0.01
2025-12-31 00:20:00,NSW1,105.00836
2025-12-31 00:20:00,QLD1,93.95
2025-12-31 00:20:00,SA1,0.00961
2025-12-31 00:20:00,TAS1,40.00996
2025-12-31 00:25:00,SA1,0.0
2025-12-31 00:20:00,VIC1,0.01
2025-12-31 00:25:00,NSW1,83.70103
2025-12-31 00:25:00,QLD1,75.74998
2025-12-31 00:25:00,TAS1,38.14
2025-12-31 00:25:00,VIC1,0.0
2025-12-31 00:30:00,NSW1,71.05232
2025-12-31 00:30:00,QLD1,63.83023
2025-12-31 00:30:00,SA1,-1.99
2025-12-31 00:30:00,TAS1,37.93611
2025-12-31 00:30:00,VIC1,-2.06665
2025-12-31 00:35:00,NSW1,73.20014
2025-12-31 00:35:00,QLD1,65.90145
2025-12-31 00:35:00,SA1,-1.99
2025-12-31 00:35:00,TAS1,37.9507
2025-12-31 00:35:00,VIC1,-2.05763
2025-12-31 00:40:00,NSW1,73.20014
2025-12-31 00:40:00,QLD1,65.74231
2025-12-31 00:40:00,SA1,-1.79187
2025-12-31 00:40:00,TAS1,38.14
2025-12-31 00:40:00,VIC1,-1.86756
2025-12-31 00:45:00,NSW1,73.20014
2025-12-31 00:45:00,QLD1,65.27851
2025-12-31 00:45:00,SA1,0.00983
2025-12-31 00:45:00,TAS1,40.00999
2025-12-31 00:45:00,VIC1,0.01
2025-12-31 00:50:00,NSW1,71.63829
2025-12-31 00:50:00,VIC1,-1.97307
2025-12-31 00:50:00,QLD1,63.83009
2025-12-31 00:50:00,SA1,-1.92954
2025-12-31 00:50:00,TAS1,38.01878
2025-12-31 00:55:00,NSW1,70.89953
2025-12-31 00:55:00,QLD1,63.83023
2025-12-31 00:55:00,SA1,-2.65257
2025-12-31 00:55:00,TAS1,37.46701
2025-12-31 00:55:00,VIC1,-2.69975
2025-12-31 01:00:00,NSW1,70.65793
2025-12-31 01:00:00,QLD1,63.73
2025-12-31 01:00:00,SA1,-2.65403
2025-12-31 01:00:00,TAS1,26.34073
2025-12-31 01:00:00,VIC1,-2.69975
2025-12-31 01:05:00,NSW1,84.7901
2025-12-31 01:05:00,QLD1,76.45745
2025-12-31 01:05:00,SA1,-2.64337
2025-12-31 01:05:00,TAS1,38.14
2025-12-31 01:05:00,VIC1,-2.69975
2025-12-31 01:10:00,NSW1,84.7901
2025-12-31 01:10:00,QLD1,76.33579
2025-12-31 01:10:00,SA1,-5.55963
2025-12-31 01:10:00,TAS1,39.14
2025-12-31 01:10:00,VIC1,-5.73
2025-12-31 01:15:00,NSW1,84.06473
2025-12-31 01:15:00,QLD1,75.75
2025-12-31 01:15:00,SA1,-5.48423
2025-12-31 01:20:00,QLD1,73.8366
2025-12-31 01:15:00,TAS1,38.14
2025-12-31 01:15:00,VIC1,-5.73
2025-12-31 01:20:00,NSW1,81.44014
2025-12-31 01:20:00,SA1,-2.64405
2025-12-31 01:20:00,TAS1,39.14
2025-12-31 01:20:00,VIC1,-2.7
2025-12-31 01:25:00,NSW1,75.58014
2025-12-31 01:25:00,QLD1,68.5401
2025-12-31 01:25:00,SA1,-5.45157
2025-12-31 01:25:00,TAS1,39.14
2025-12-31 01:25:00,VIC1,-5.73
2025-12-31 01:30:00,NSW1,70.43899
2025-12-31 01:30:00,QLD1,63.83023
2025-12-31 01:30:00,SA1,-6.99991
2025-12-31 01:30:00,TAS1,39.14
2025-12-31 01:30:00,VIC1,-7.36
2025-12-31 01:35:00,NSW1,70.05106
2025-12-31 01:35:00,QLD1,63.83023
2025-12-31 01:35:00,SA1,-5.60651
2025-12-31 01:35:00,TAS1,39.14
2025-12-31 01:35:00,VIC1,-5.73
2025-12-31 01:40:00,NSW1,70.89953
2025-12-31 01:40:00,QLD1,63.83023
2025-12-31 01:40:00,SA1,-6.95909
2025-12-31 01:40:00,TAS1,37.78
2025-12-31 01:40:00,VIC1,-7.36
2025-12-31 01:45:00,TAS1,24.53611
2025-12-31 01:45:00,NSW1,73.20014
2025-12-31 01:45:00,QLD1,66.28787
2025-12-31 01:45:00,SA1,-7.01007
2025-12-31 01:45:00,VIC1,-7.11008
2025-12-31 01:50:00,NSW1,70.57778
2025-12-31 01:50:00,QLD1,63.83023
2025-12-31 01:50:00,SA1,-7.01
2025-12-31 01:50:00,TAS1,21.37894
2025-12-31 01:50:00,VIC1,-7.1078
2025-12-31 01:55:00,NSW1,81.44014
2025-12-31 01:55:00,QLD1,73.67454
2025-12-31 01:55:00,SA1,-7.21927
2025-12-31 01:55:00,TAS1,39.14
2025-12-31 01:55:00,VIC1,-7.36
2025-12-31 02:00:00,NSW1,69.67284
2025-12-31 02:00:00,QLD1,63.83023
2025-12-31 02:00:00,SA1,-7.21733
2025-12-31 02:00:00,TAS1,23.67169
2025-12-31 02:00:00,VIC1,-7.36
2025-12-31 02:05:00,NSW1,73.20014
2025-12-31 02:05:00,QLD1,66.61222
2025-12-31 02:05:00,SA1,-7.21675
2025-12-31 02:05:00,TAS1,38.14
2025-12-31 02:05:00,VIC1,-7.36
2025-12-31 02:10:00,NSW1,70.1892
2025-12-31 02:10:00,QLD1,63.83023
2025-12-31 02:15:00,NSW1,73.20014
2025-12-31 02:10:00,SA1,-7.21564
2025-12-31 02:10:00,TAS1,39.14
2025-12-31 02:10:00,VIC1,-7.36
2025-12-31 02:15:00,QLD1,66.13985
2025-12-31 02:15:00,SA1,-7.10822
2025-12-31 02:15:00,TAS1,39.14
2025-12-31 02:15:00,VIC1,-7.25
2025-12-31 02:20:00,NSW1,73.20014
2025-12-31 02:20:00,QLD1,67.04107
2025-12-31 02:20:00,SA1,-7.01
2025-12-31 02:20:00,TAS1,39.14
2025-12-31 02:20:00,VIC1,-7.11507
2025-12-31 02:25:00,NSW1,58.3964
2025-12-31 02:25:00,QLD1,54.96
2025-12-31 02:25:00,SA1,-7.01
2025-12-31 02:25:00,TAS1,39.14
2025-12-31 02:25:00,VIC1,-7.12243
2025-12-31 02:30:00,NSW1,67.29755
2025-12-31 02:30:00,QLD1,63.54
2025-12-31 02:30:00,SA1,-7.10793
2025-12-31 02:30:00,TAS1,39.14
2025-12-31 02:30:00,VIC1,-7.36
2025-12-31 02:35:00,NSW1,68.85799
2025-12-31 02:35:00,QLD1,63.83023
2025-12-31 02:35:00,SA1,-7.10989
2025-12-31 02:35:00,TAS1,39.14
2025-12-31 02:40:00,SA1,-7.25
2025-12-31 02:35:00,VIC1,-7.36
2025-12-31 02:40:00,NSW1,56.98
2025-12-31 02:40:00,QLD1,54.53004
2025-12-31 02:40:00,TAS1,39.14
2025-12-31 02:40:00,VIC1,-7.50301
2025-12-31 02:45:00,NSW1,57.06014
2025-12-31 02:45:00,QLD1,54.76
2025-12-31 02:45:00,SA1,-7.25
2025-12-31 02:45:00,TAS1,39.14
2025-12-31 02:45:00,VIC1,-7.53838
2025-12-31 02:50:00,NSW1,64.89
2025-12-31 02:50:00,QLD1,61.25895
2025-12-31 02:50:00,SA1,-7.25
2025-12-31 02:50:00,TAS1,39.14
2025-12-31 02:50:00,VIC1,-7.50223
2025-12-31 02:55:00,NSW1,64.89
2025-12-31 02:55:00,QLD1,61.27907
2025-12-31 02:55:00,SA1,-7.25
2025-12-31 02:55:00,TAS1,39.14
2025-12-31 02:55:00,VIC1,-7.47089
2025-12-31 03:00:00,NSW1,57.48104
2025-12-31 03:00:00,QLD1,54.95998
2025-12-31 03:00:00,SA1,-7.67363
2025-12-31 03:00:00,TAS1,39.14
2025-12-31 03:00:00,VIC1,-7.99
2025-12-31 03:05:00,NSW1,57.06014
2025-12-31 03:05:00,VIC1,-7.99
2025-12-31 03:05:00,QLD1,54.51337
2025-12-31 03:05:00,SA1,-7.70976
2025-12-31 03:05:00,TAS1,23.37742
2025-12-31 03:10:00,NSW1,58.43255
2025-12-31 03:10:00,QLD1,54.76
2025-12-31 03:10:00,SA1,-7.25
2025-12-31 03:10:00,TAS1,23.53737
2025-12-31 03:10:00,VIC1,-7.54957
2025-12-31 03:15:00,NSW1,58.79518
2025-12-31 03:15:00,QLD1,54.76
2025-12-31 03:15:00,SA1,-7.25
2025-12-31 03:15:00,TAS1,23.53871
2025-12-31 03:15:00,VIC1,-7.54628
2025-12-31 03:20:00,NSW1,58.3964
2025-12-31 03:20:00,QLD1,54.96
2025-12-31 03:20:00,SA1,-7.25
2025-12-31 03:20:00,TAS1,24.58003
2025-12-31 03:20:00,VIC1,-7.5873
2025-12-31 03:25:00,NSW1,58.08321
2025-12-31 03:25:00,QLD1,54.76
2025-12-31 03:25:00,SA1,-7.25
2025-12-31 03:25:00,TAS1,21.24656
2025-12-31 03:25:00,VIC1,-7.6592
2025-12-31 03:30:00,NSW1,64.89
2025-12-31 03:30:00,QLD1,61.21781
2025-12-31 03:30:00,SA1,-7.25
2025-12-31 03:35:00,QLD1,63.73
2025-12-31 03:30:00,TAS1,39.14
2025-12-31 03:30:00,VIC1,-7.58601
2025-12-31 03:35:00,NSW1,67.54631
2025-12-31 03:35:00,SA1,-7.25
2025-12-31 03:35:00,TAS1,37.14
2025-12-31 03:35:00,VIC1,-7.52488
2025-12-31 03:40:00,NSW1,57.06014
2025-12-31 03:40:00,QLD1,54.8079
2025-12-31 03:40:00,SA1,-7.66261
2025-12-31 03:40:00,TAS1,37.14
2025-12-31 03:40:00,VIC1,-7.99
2025-12-31 03:45:00,NSW1,57.06014
2025-12-31 03:45:00,QLD1,54.96
2025-12-31 03:45:00,SA1,-7.62206
2025-12-31 03:45:00,TAS1,21.74364
2025-12-31 03:45:00,VIC1,-7.99
2025-12-31 03:50:00,NSW1,57.06014
2025-12-31 03:50:00,QLD1,54.96
2025-12-31 03:50:00,SA1,-7.66272
2025-12-31 03:50:00,TAS1,31.97841
2025-12-31 03:50:00,VIC1,-7.99
2025-12-31 03:55:00,NSW1,57.06014
2025-12-31 03:55:00,QLD1,54.96
2025-12-31 03:55:00,SA1,-7.65974
2025-12-31 03:55:00,TAS1,10.57279
2025-12-31 03:55:00,VIC1,-7.99
2025-12-31 04:00:00,TAS1,23.51316
2025-12-31 04:00:00,NSW1,65.72746
2025-12-31 04:00:00,QLD1,63.54
2025-12-31 04:00:00,SA1,-7.25
2025-12-31 04:00:00,VIC1,-7.59882
2025-12-31 04:05:00,NSW1,66.42378
2025-12-31 04:05:00,QLD1,63.83017
2025-12-31 04:05:00,SA1,-6.99991
2025-12-31 04:05:00,TAS1,23.87205
2025-12-31 04:05:00,VIC1,-7.55396
2025-12-31 04:10:00,NSW1,55.73591
2025-12-31 04:10:00,QLD1,54.95998
2025-12-31 04:10:00,SA1,-6.99991
2025-12-31 04:10:00,TAS1,23.86329
2025-12-31 04:10:00,VIC1,-7.62491
2025-12-31 04:15:00,NSW1,57.05998
2025-12-31 04:15:00,QLD1,55.91068
2025-12-31 04:15:00,SA1,-6.99991
2025-12-31 04:15:00,TAS1,38.1
2025-12-31 04:15:00,VIC1,-7.62358
2025-12-31 04:20:00,NSW1,57.0601
2025-12-31 04:20:00,QLD1,56.67725
2025-12-31 04:20:00,SA1,-6.99991
2025-12-31 04:20:00,TAS1,39.12
2025-12-31 04:20:00,VIC1,-7.65393
2025-12-31 04:25:00,NSW1,56.98
2025-12-31 04:25:00,QLD1,55.14227
2025-12-31 04:30:00,NSW1,56.98
2025-12-31 04:25:00,SA1,-6.66679
2025-12-31 04:25:00,TAS1,0.08
2025-12-31 04:25:00,VIC1,-7.36
2025-12-31 04:30:00,QLD1,55.51055
2025-12-31 04:30:00,SA1,-6.99991
2025-12-31 04:30:00,TAS1,32.35255
2025-12-31 04:30:00,VIC1,-7.65818
2025-12-31 04:35:00,NSW1,56.98
2025-12-31 04:35:00,QLD1,55.52047
2025-12-31 04:35:00,SA1,-6.99991
2025-12-31 04:35:00,TAS1,32.29555
2025-12-31 04:35:00,VIC1,-7.69463
2025-12-31 04:40:00,NSW1,57.06036
2025-12-31 04:40:00,QLD1,55.58096
2025-12-31 04:40:00,SA1,-6.62827
2025-12-31 04:40:00,TAS1,32.6109
2025-12-31 04:40:00,VIC1,-7.36
2025-12-31 04:45:00,NSW1,56.06642
2025-12-31 04:45:00,QLD1,54.96
2025-12-31 04:45:00,SA1,-6.56535
2025-12-31 04:45:00,TAS1,32.72134
2025-12-31 04:45:00,VIC1,-7.25
2025-12-31 04:50:00,NSW1,56.98
2025-12-31 04:50:00,QLD1,55.50565
2025-12-31 04:50:00,SA1,-6.49958
2025-12-31 04:50:00,TAS1,15.87514
2025-12-31 04:55:00,SA1,-6.56818
2025-12-31 04:50:00,VIC1,-7.25
2025-12-31 04:55:00,NSW1,57.06036
2025-12-31 04:55:00,QLD1,56.5811
2025-12-31 04:55:00,TAS1,15.87514
2025-12-31 04:55:00,VIC1,-7.36
2025-12-31 05:00:00,NSW1,57.06036
2025-12-31 05:00:00,QLD1,56.97706
2025-12-31 05:00:00,SA1,-6.6012
2025-12-31 05:00:00,TAS1,7.48947
2025-12-31 05:00:00,VIC1,-7.36
2025-12-31 05:05:00,NSW1,63.67367
2025-12-31 05:05:00,QLD1,63.56
2025-12-31 05:05:00,SA1,-6.56292
2025-12-31 05:05:00,TAS1,8.27895
2025-12-31 05:05:00,VIC1,-7.36
2025-12-31 05:10:00,NSW1,57.0601
2025-12-31 05:10:00,QLD1,56.94242
2025-12-31 05:10:00,SA1,-6.60058
2025-12-31 05:10:00,TAS1,39.12
2025-12-31 05:10:00,VIC1,-7.36
2025-12-31 05:15:00,NSW1,62.79465
2025-12-31 05:15:00,QLD1,63.83023
2025-12-31 05:15:00,SA1,-6.55816
2025-12-31 05:15:00,TAS1,40.1
2025-12-31 05:15:00,VIC1,-7.36
2025-12-31 05:20:00,NSW1,61.63053
2025-12-31 05:20:00,VIC1,-7.36
2025-12-31 05:20:00,QLD1,63.83023
2025-12-31 05:20:00,SA1,-6.66937
2025-12-31 05:20:00,TAS1,40.1
2025-12-31 05:25:00,NSW1,56.98
2025-12-31 05:25:00,QLD1,57.86034
2025-12-31 05:25:00,SA1,-6.62788
2025-12-31 05:25:00,TAS1,39.12
2025-12-31 05:25:00,VIC1,-7.36
2025-12-31 05:30:00,NSW1,54.13209
2025-12-31 05:30:00,QLD1,54.95998
2025-12-31 05:30:00,SA1,-6.99991
2025-12-31 05:30:00,TAS1,39.1
2025-12-31 05:30:00,VIC1,-7.77467
2025-12-31 05:35:00,NSW1,53.57091
2025-12-31 05:35:00,QLD1,54.72998
2025-12-31 05:35:00,SA1,-6.99991
2025-12-31 05:35:00,TAS1,37.1
2025-12-31 05:35:00,VIC1,-7.69813
2025-12-31 05:40:00,NSW1,44.54301
2025-12-31 05:40:00,QLD1,44.93999
2025-12-31 05:40:00,SA1,-6.99991
2025-12-31 05:40:00,TAS1,38.1
2025-12-31 05:40:00,VIC1,-7.76873
2025-12-31 05:45:00,NSW1,3e-05
2025-12-31 05:45:00,QLD1,3e-05
2025-12-31 05:45:00,SA1,-6.99991
2025-12-31 05:50:00,QLD1,-6.45
2025-12-31 05:45:00,TAS1,39.12
2025-12-31 05:45:00,VIC1,-7.65924
2025-12-31 05:50:00,NSW1,-6.20683
2025-12-31 05:50:00,SA1,-7.01007
2025-12-31 05:50:00,TAS1,39.12
2025-12-31 05:50:00,VIC1,-7.48673
2025-12-31 05:55:00,NSW1,-7.8008
2025-12-31 05:55:00,QLD1,-8.25
2025-12-31 05:55:00,SA1,-7.58076
2025-12-31 05:55:00,TAS1,39.12
2025-12-31 05:55:00,VIC1,-7.99
2025-12-31 06:00:00,NSW1,-9.41419
2025-12-31 06:00:00,QLD1,-10.01
2025-12-31 06:00:00,SA1,-7.77129
2025-12-31 06:00:00,TAS1,39.12
2025-12-31 06:00:00,VIC1,-8.04416
2025-12-31 06:05:00,NSW1,-7.44346
2025-12-31 06:05:00,QLD1,-8.2
2025-12-31 06:05:00,SA1,-7.71868
2025-12-31 06:05:00,TAS1,39.12
2025-12-31 06:05:00,VIC1,-7.99
2025-12-31 06:10:00,NSW1,-7.35596
2025-12-31 06:10:00,QLD1,-8.2
2025-12-31 06:10:00,SA1,-7.71241
2025-12-31 06:10:00,TAS1,40.1
2025-12-31 06:10:00,VIC1,-7.99007
2025-12-31 06:15:00,TAS1,40.1
2025-12-31 06:15:00,NSW1,-7.27185
2025-12-31 06:15:00,QLD1,-8.25
2025-12-31 06:15:00,SA1,-7.6802
2025-12-31 06:15:00,VIC1,-8.0
2025-12-31 06:20:00,NSW1,-9.99999
2025-12-31 06:20:00,QLD1,-11.33797
2025-12-31 06:20:00,SA1,-7.93812
2025-12-31 06:20:00,TAS1,61.44658
2025-12-31 06:20:00,VIC1,-8.47455
2025-12-31 06:25:00,NSW1,-9.65326
2025-12-31 06:25:00,QLD1,-11.01489
2025-12-31 06:25:00,SA1,-7.63617
2025-12-31 06:25:00,TAS1,40.1
2025-12-31 06:25:00,VIC1,-8.0
2025-12-31 06:30:00,NSW1,-7.2729
2025-12-31 06:30:00,QLD1,-8.2
2025-12-31 06:30:00,SA1,-9.58761
2025-12-31 06:30:00,TAS1,58.3937
2025-12-31 06:30:00,VIC1,-10.0
2025-12-31 06:35:00,NSW1,-7.33538
2025-12-31 06:35:00,QLD1,-8.21
2025-12-31 06:35:00,SA1,-13.1473
2025-12-31 06:35:00,TAS1,39.14
2025-12-31 06:35:00,VIC1,-14.04
2025-12-31 06:40:00,NSW1,-6.43875
2025-12-31 06:40:00,QLD1,-7.16
2025-12-31 06:45:00,NSW1,-6.56504
2025-12-31 06:40:00,SA1,-14.08169
2025-12-31 06:40:00,TAS1,39.1539
2025-12-31 06:40:00,VIC1,-15.64
2025-12-31 06:45:00,QLD1,-7.28
2025-12-31 06:45:00,SA1,-15.08
2025-12-31 06:45:00,TAS1,39.14
2025-12-31 06:45:00,VIC1,-17.07975
2025-12-31 06:50:00,NSW1,-6.02979
2025-12-31 06:50:00,QLD1,-6.45
2025-12-31 06:50:00,SA1,-27.41284
2025-12-31 06:50:00,TAS1,39.12
2025-12-31 06:50:00,VIC1,-29.69612
2025-12-31 06:55:00,NSW1,-6.05979
2025-12-31 06:55:00,QLD1,-6.51
2025-12-31 06:55:00,SA1,-20.0
2025-12-31 06:55:00,TAS1,39.14
2025-12-31 06:55:00,VIC1,-15.64
2025-12-31 07:00:00,NSW1,-5.96728
2025-12-31 07:00:00,QLD1,-6.51
2025-12-31 07:00:00,SA1,-21.0
2025-12-31 07:00:00,TAS1,39.14
2025-12-31 07:00:00,VIC1,-19.99
2025-12-31 07:05:00,NSW1,-6.14421
2025-12-31 07:05:00,QLD1,-6.5
2025-12-31 07:05:00,SA1,-21.0
2025-12-31 07:05:00,TAS1,50.14
2025-12-31 07:10:00,SA1,-47.96497
2025-12-31 07:05:00,VIC1,-15.64
2025-12-31 07:10:00,NSW1,-6.28173
2025-12-31 07:10:00,QLD1,-6.26
2025-12-31 07:10:00,TAS1,36.1
2025-12-31 07:10:00,VIC1,-50.11
2025-12-31 07:15:00,NSW1,-6.29889
2025-12-31 07:15:00,QLD1,-6.51
2025-12-31 07:15:00,SA1,-49.99
2025-12-31 07:15:00,TAS1,39.14
2025-12-31 07:15:00,VIC1,-27.20398
2025-12-31 07:20:00,NSW1,-6.3369
2025-12-31 07:20:00,QLD1,-6.51
2025-12-31 07:20:00,SA1,-59.0
2025-12-31 07:20:00,TAS1,39.14
2025-12-31 07:20:00,VIC1,-24.76223
2025-12-31 07:25:00,NSW1,0.0
2025-12-31 07:25:00,QLD1,0.0
2025-12-31 07:25:00,SA1,-73.5
2025-12-31 07:25:00,TAS1,9.24024
2025-12-31 07:25:00,VIC1,-58.49287
2025-12-31 07:30:00,NSW1,0.0
2025-12-31 07:30:00,QLD1,0.0
2025-12-31 07:30:00,SA1,-21.0
2025-12-31 07:30:00,TAS1,18.59835
2025-12-31 07:30:00,VIC1,-49.48391
2025-12-31 07:35:00,NSW1,72.48445
2025-12-31 07:35:00,VIC1,-35.22593
2025-12-31 07:35:00,QLD1,-5.99
2025-12-31 07:35:00,SA1,-21.0
2025-12-31 07:35:00,TAS1,32.84308
2025-12-31 07:40:00,NSW1,45.47785
2025-12-31 07:40:00,QLD1,-6.51
2025-12-31 07:40:00,SA1,-49.88413
2025-12-31 07:40:00,TAS1,16.49967
2025-12-31 07:40:00,VIC1,-50.72
2025-12-31 07:45:00,NSW1,36.0601
2025-12-31 07:45:00,QLD1,0.0
2025-12-31 07:45:00,SA1,-59.0
2025-12-31 07:45:00,TAS1,33.22135
2025-12-31 07:45:00,VIC1,-34.86732
2025-12-31 07:50:00,NSW1,36.0601
2025-12-31 07:50:00,QLD1,-6.51
2025-12-31 07:50:00,SA1,-89.0
2025-12-31 07:50:00,TAS1,17.27726
2025-12-31 07:50:00,VIC1,-50.11
2025-12-31 07:55:00,NSW1,-7.35962
2025-12-31 07:55:00,QLD1,-6.51
2025-12-31 07:55:00,SA1,-27.89062
2025-12-31 07:55:00,TAS1,41.1
2025-12-31 07:55:00,VIC1,-27.63881
2025-12-31 08:00:00,NSW1,0.00025
2025-12-31 08:00:00,QLD1,-6.26
2025-12-31 08:00:00,SA1,-50.4487
2025-12-31 08:05:00,QLD1,-6.5
2025-12-31 08:00:00,TAS1,16.49967
2025-12-31 08:00:00,VIC1,-50.72
2025-12-31 08:05:00,NSW1,-7.31742
2025-12-31 08:05:00,SA1,-89.0
2025-12-31 08:05:00,TAS1,39.12
2025-12-31 08:05:00,VIC1,-50.11
2025-12-31 08:10:00,NSW1,-7.22591
2025-12-31 08:10:00,QLD1,-6.26
2025-12-31 08:10:00,SA1,-49.3919
2025-12-31 08:10:00,TAS1,39.12
2025-12-31 08:10:00,VIC1,-50.72
2025-12-31 08:15:00,NSW1,-7.62066
2025-12-31 08:15:00,QLD1,-6.51
2025-12-31 08:15:00,SA1,-89.0
2025-12-31 08:15:00,TAS1,66.02
2025-12-31 08:15:00,VIC1,-50.01
2025-12-31 08:20:00,NSW1,-5.51
2025-12-31 08:20:00,QLD1,-4.80162
2025-12-31 08:20:00,SA1,-48.18661
2025-12-31 08:20:00,TAS1,40.1
2025-12-31 08:20:00,VIC1,-50.11
2025-12-31 08:25:00,NSW1,-5.51
2025-12-31 08:25:00,QLD1,-6.51
2025-12-31 08:25:00,SA1,-89.0
2025-12-31 08:25:00,TAS1,65.02
2025-12-31 08:25:00,VIC1,-50.72
2025-12-31 08:30:00,TAS1,66.02
2025-12-31 08:30:00,NSW1,-7.22906
2025-12-31 08:30:00,QLD1,-6.5
2025-12-31 08:30:00,SA1,-49.41312
2025-12-31 08:30:00,VIC1,-50.72
2025-12-31 08:35:00,NSW1,-7.98162
2025-12-31 08:35:00,QLD1,-7.16
2025-12-31 08:35:00,SA1,-55.21566
2025-12-31 08:35:00,TAS1,57.83533
2025-12-31 08:35:00,VIC1,-60.0
2025-12-31 08:40:00,NSW1,-8.92044
2025-12-31 08:40:00,QLD1,-8.2
2025-12-31 08:40:00,SA1,-59.0
2025-12-31 08:40:00,TAS1,67.58591
2025-12-31 08:40:00,VIC1,-50.72
2025-12-31 08:45:00,NSW1,-7.1267
2025-12-31 08:45:00,QLD1,-6.51
2025-12-31 08:45:00,SA1,-59.0
2025-12-31 08:45:00,TAS1,39.12
2025-12-31 08:45:00,VIC1,-64.47413
2025-12-31 08:50:00,NSW1,-8.33493
2025-12-31 08:50:00,QLD1,-8.2
2025-12-31 08:50:00,SA1,-39.22944
2025-12-31 08:50:00,TAS1,40.1
2025-12-31 08:50:00,VIC1,-43.15517
2025-12-31 08:55:00,NSW1,-7.04168
2025-12-31 08:55:00,QLD1,-6.26
2025-12-31 09:00:00,NSW1,-8.34839
2025-12-31 08:55:00,SA1,-89.1
2025-12-31 08:55:00,TAS1,39.12
2025-12-31 08:55:00,VIC1,-66.31
2025-12-31 09:00:00,QLD1,-8.21
2025-12-31 09:00:00,SA1,-44.02548
2025-12-31 09:00:00,TAS1,39.12
2025-12-31 09:00:00,VIC1,-50.01
2025-12-31 09:05:00,NSW1,-7.27543
2025-12-31 09:05:00,QLD1,-6.51
2025-12-31 09:05:00,SA1,-54.76836
2025-12-31 09:05:00,TAS1,39.1
2025-12-31 09:05:00,VIC1,-60.49
2025-12-31 09:10:00,NSW1,-7.35071
2025-12-31 09:10:00,QLD1,-6.5
2025-12-31 09:10:00,SA1,-50.60751
2025-12-31 09:10:00,TAS1,39.1
2025-12-31 09:10:00,VIC1,-60.0
2025-12-31 09:15:00,NSW1,34.7269
2025-12-31 09:15:00,QLD1,-6.26
2025-12-31 09:15:00,SA1,-99.99999
2025-12-31 09:15:00,TAS1,39.12
2025-12-31 09:15:00,VIC1,-66.31
2025-12-31 09:20:00,NSW1,58.43422
2025-12-31 09:20:00,QLD1,-6.51
2025-12-31 09:20:00,SA1,-51.76764
2025-12-31 09:20:00,TAS1,39.1
2025-12-31 09:25:00,SA1,-48.74955
2025-12-31 09:20:00,VIC1,-59.46
2025-12-31 09:25:00,NSW1,43.52643
2025-12-31 09:25:00,QLD1,-7.28
2025-12-31 09:25:00,TAS1,39.1
2025-12-31 09:25:00,VIC1,-57.0
2025-12-31 09:30:00,NSW1,133.28569
2025-12-31 09:30:00,QLD1,-6.49
2025-12-31 09:30:00,SA1,-268.61149
2025-12-31 09:30:00,TAS1,39.08
2025-12-31 09:30:00,VIC1,-59.46
2025-12-31 09:35:00,NSW1,-5.51
2025-12-31 09:35:00,QLD1,-8.2
2025-12-31 09:35:00,SA1,-52.39411
2025-12-31 09:35:00,TAS1,39.12
2025-12-31 09:35:00,VIC1,-60.0
2025-12-31 09:40:00,NSW1,-4.46349
2025-12-31 09:40:00,QLD1,-6.49
2025-12-31 09:40:00,SA1,-53.57522
2025-12-31 09:40:00,TAS1,39.12
2025-12-31 09:40:00,VIC1,-60.0
2025-12-31 09:45:00,NSW1,59.40819
2025-12-31 09:45:00,QLD1,-7.51
2025-12-31 09:45:00,SA1,-51.47921
2025-12-31 09:45:00,TAS1,39.1
2025-12-31 09:45:00,VIC1,-60.0
2025-12-31 09:50:00,NSW1,75.00319
2025-12-31 09:50:00,VIC1,-62.95
2025-12-31 09:50:00,QLD1,-7.28
2025-12-31 09:50:00,SA1,-89.0
2025-12-31 09:50:00,TAS1,39.12
2025-12-31 09:55:00,NSW1,44.06174
2025-12-31 09:55:00,QLD1,-8.2
2025-12-31 09:55:00,SA1,-48.78822
2025-12-31 09:55:00,TAS1,39.12
2025-12-31 09:55:00,VIC1,-57.0
2025-12-31 10:00:00,NSW1,5.06513
2025-12-31 10:00:00,QLD1,-8.21
2025-12-31 10:00:00,SA1,-121.0
2025-12-31 10:00:00,TAS1,39.12
2025-12-31 10:00:00,VIC1,-62.95
2025-12-31 10:05:00,NSW1,78.0
2025-12-31 10:05:00,QLD1,-8.21
2025-12-31 10:05:00,SA1,-59.0
2025-12-31 10:05:00,TAS1,40.1
2025-12-31 10:05:00,VIC1,-60.0
2025-12-31 10:10:00,NSW1,36.0601
2025-12-31 10:10:00,QLD1,-8.21
2025-12-31 10:10:00,SA1,-99.99999
2025-12-31 10:10:00,TAS1,39.1
2025-12-31 10:10:00,VIC1,-60.0
2025-12-31 10:15:00,NSW1,-9.19841
2025-12-31 10:15:00,QLD1,-8.21
2025-12-31 10:15:00,SA1,-52.55732
2025-12-31 10:20:00,QLD1,-8.25
2025-12-31 10:15:00,TAS1,39.1
2025-12-31 10:15:00,VIC1,-62.51
2025-12-31 10:20:00,NSW1,36.06001
2025-12-31 10:20:00,SA1,-89.1
2025-12-31 10:20:00,TAS1,39.1
2025-12-31 10:20:00,VIC1,-63.61785
2025-12-31 10:25:00,NSW1,59.87062
2025-12-31 10:25:00,QLD1,-8.25
2025-12-31 10:25:00,SA1,-49.9697
2025-12-31 10:25:00,TAS1,39.1
2025-12-31 10:25:00,VIC1,-60.0
2025-12-31 10:30:00,NSW1,77.0
2025-12-31 10:30:00,QLD1,-8.2
2025-12-31 10:30:00,SA1,-53.46634
2025-12-31 10:30:00,TAS1,39.1
2025-12-31 10:30:00,VIC1,-63.92
2025-12-31 10:35:00,NSW1,-9.55075
2025-12-31 10:35:00,QLD1,-8.2
2025-12-31 10:35:00,SA1,-59.0
2025-12-31 10:35:00,TAS1,40.1
2025-12-31 10:35:00,VIC1,-60.0
2025-12-31 10:40:00,NSW1,58.10025
2025-12-31 10:40:00,QLD1,-7.16
2025-12-31 10:40:00,SA1,-55.28877
2025-12-31 10:40:00,TAS1,39.12
2025-12-31 10:40:00,VIC1,-66.31
2025-12-31 10:45:00,TAS1,39.12
2025-12-31 10:45:00,NSW1,-9.14134
2025-12-31 10:45:00,QLD1,-8.25
2025-12-31 10:45:00,SA1,-50.75645
2025-12-31 10:45:00,VIC1,-60.0
2025-12-31 10:50:00,NSW1,-9.03873
2025-12-31 10:50:00,QLD1,-8.24988
2025-12-31 10:50:00,SA1,-59.0
2025-12-31 10:50:00,TAS1,39.12
2025-12-31 10:50:00,VIC1,-66.31
2025-12-31 10:55:00,NSW1,-10.69087
2025-12-31 10:55:00,QLD1,-10.01
2025-12-31 10:55:00,SA1,-53.46553
2025-12-31 10:55:00,TAS1,39.12
2025-12-31 10:55:00,VIC1,-62.95
2025-12-31 11:00:00,NSW1,-7.88
2025-12-31 11:00:00,QLD1,-7.51
2025-12-31 11:00:00,SA1,-56.30198
2025-12-31 11:00:00,TAS1,39.12
2025-12-31 11:00:00,VIC1,-66.31
2025-12-31 11:05:00,NSW1,-12.69881
2025-12-31 11:05:00,QLD1,-12.12
2025-12-31 11:05:00,SA1,-50.35649
2025-12-31 11:05:00,TAS1,39.12
2025-12-31 11:05:00,VIC1,-59.46
2025-12-31 11:10:00,NSW1,-9.92305
2025-12-31 11:10:00,QLD1,-9.31
2025-12-31 11:15:00,NSW1,-10.20869
2025-12-31 11:10:00,SA1,-59.0
2025-12-31 11:10:00,TAS1,18.80837
2025-12-31 11:10:00,VIC1,-63.92
2025-12-31 11:15:00,QLD1,-10.01
2025-12-31 11:15:00,SA1,-59.0
2025-12-31 11:15:00,TAS1,32.61325
2025-12-31 11:15:00,VIC1,-50.72
2025-12-31 11:20:00,NSW1,-7.88
2025-12-31 11:20:00,QLD1,-7.58586
2025-12-31 11:20:00,SA1,-99.99999
2025-12-31 11:20:00,TAS1,20.84617
2025-12-31 11:20:00,VIC1,-62.51
2025-12-31 11:25:00,NSW1,-8.60699
2025-12-31 11:25:00,QLD1,-8.25
2025-12-31 11:25:00,SA1,-89.0
2025-12-31 11:25:00,TAS1,20.14002
2025-12-31 11:25:00,VIC1,-62.95
2025-12-31 11:30:00,NSW1,-10.0
2025-12-31 11:30:00,QLD1,-9.76995
2025-12-31 11:30:00,SA1,-89.0
2025-12-31 11:30:00,TAS1,26.25912
2025-12-31 11:30:00,VIC1,-57.0
2025-12-31 11:35:00,NSW1,-10.57761
2025-12-31 11:35:00,QLD1,-10.01
2025-12-31 11:35:00,SA1,-59.0
2025-12-31 11:35:00,TAS1,19.80298
2025-12-31 11:40:00,SA1,-93.47744
2025-12-31 11:35:00,VIC1,-62.95
2025-12-31 11:40:00,NSW1,-10.55857
2025-12-31 11:40:00,QLD1,-10.01
2025-12-31 11:40:00,TAS1,20.14002
2025-12-31 11:40:00,VIC1,-62.95
2025-12-31 11:45:00,NSW1,-8.86887
2025-12-31 11:45:00,QLD1,-8.24988
2025-12-31 11:45:00,SA1,-89.0
2025-12-31 11:45:00,TAS1,0.08
2025-12-31 11:45:00,VIC1,-60.0
2025-12-31 11:50:00,NSW1,-12.01
2025-12-31 11:50:00,QLD1,-11.53007
2025-12-31 11:50:00,SA1,-89.0
2025-12-31 11:50:00,TAS1,0.08
2025-12-31 11:50:00,VIC1,-59.57
2025-12-31 11:55:00,NSW1,-10.42278
2025-12-31 11:55:00,QLD1,-10.01
2025-12-31 11:55:00,SA1,-89.0
2025-12-31 11:55:00,TAS1,0.08
2025-12-31 11:55:00,VIC1,-60.0
2025-12-31 12:00:00,NSW1,-7.66497
2025-12-31 12:00:00,QLD1,-7.51
2025-12-31 12:00:00,SA1,-89.0
2025-12-31 12:00:00,TAS1,6.93356
2025-12-31 12:00:00,VIC1,-62.95
2025-12-31 12:05:00,NSW1,-9.22349
2025-12-31 12:05:00,VIC1,-57.0
2025-12-31 12:05:00,QLD1,-9.31
2025-12-31 12:05:00,SA1,-89.0
2025-12-31 12:05:00,TAS1,26.40171
2025-12-31 12:10:00,NSW1,-8.52
2025-12-31 12:10:00,QLD1,-8.56309
2025-12-31 12:10:00,SA1,-50.38937
2025-12-31 12:10:00,TAS1,23.30969
2025-12-31 12:10:00,VIC1,-60.0
2025-12-31 12:15:00,NSW1,-9.96821
2025-12-31 12:15:00,QLD1,-10.01
2025-12-31 12:15:00,SA1,-49.45291
2025-12-31 12:15:00,TAS1,24.12662
2025-12-31 12:15:00,VIC1,-59.57
2025-12-31 12:20:00,NSW1,-7.11787
2025-12-31 12:20:00,QLD1,-7.29
2025-12-31 12:20:00,SA1,-53.33347
2025-12-31 12:20:00,TAS1,19.49284
2025-12-31 12:20:00,VIC1,-63.92
2025-12-31 12:25:00,NSW1,-7.19744
2025-12-31 12:25:00,QLD1,-7.28
2025-12-31 12:25:00,SA1,-53.62436
2025-12-31 12:25:00,TAS1,19.49284
2025-12-31 12:25:00,VIC1,-63.92
2025-12-31 12:30:00,NSW1,-6.85779
2025-12-31 12:30:00,QLD1,-6.49
2025-12-31 12:30:00,SA1,-54.73385
2025-12-31 12:35:00,QLD1,-6.5
2025-12-31 12:30:00,TAS1,3.30872
2025-12-31 12:30:00,VIC1,-66.31
2025-12-31 12:35:00,NSW1,-6.77689
2025-12-31 12:35:00,SA1,-49.55468
2025-12-31 12:35:00,TAS1,1.12667
2025-12-31 12:35:00,VIC1,-60.0
2025-12-31 12:40:00,NSW1,0.0
2025-12-31 12:40:00,QLD1,0.0
2025-12-31 12:40:00,SA1,-49.61238
2025-12-31 12:40:00,TAS1,39.04
2025-12-31 12:40:00,VIC1,-59.46
2025-12-31 12:45:00,NSW1,0.0
2025-12-31 12:45:00,QLD1,0.0
2025-12-31 12:45:00,SA1,-49.1144
2025-12-31 12:45:00,TAS1,39.04
2025-12-31 12:45:00,VIC1,-59.57
2025-12-31 12:50:00,NSW1,0.0
2025-12-31 12:50:00,QLD1,0.0
2025-12-31 12:50:00,SA1,-54.85688
2025-12-31 12:50:00,TAS1,38.06
2025-12-31 12:50:00,VIC1,-66.31
2025-12-31 12:55:00,NSW1,0.0
2025-12-31 12:55:00,QLD1,0.0
2025-12-31 12:55:00,SA1,-53.07034
2025-12-31 12:55:00,TAS1,22.96782
2025-12-31 12:55:00,VIC1,-60.0
2025-12-31 13:00:00,NSW1,-5.01
2025-12-31 13:00:00,VIC1,-59.46
2025-12-31 13:00:00,QLD1,-4.9064
2025-12-31 13:00:00,SA1,-52.1027
2025-12-31 13:00:00,TAS1,23.88988
2025-12-31 13:05:00,NSW1,-6e-05
2025-12-31 13:05:00,QLD1,-4e-05
2025-12-31 13:05:00,SA1,-51.88518
2025-12-31 13:05:00,TAS1,39.04
2025-12-31 13:05:00,VIC1,-59.46
2025-12-31 13:10:00,NSW1,-6.73799
2025-12-31 13:10:00,QLD1,-6.49
2025-12-31 13:10:00,SA1,-59.0
2025-12-31 13:10:00,TAS1,39.04
2025-12-31 13:10:00,VIC1,-62.95
2025-12-31 13:15:00,NSW1,0.00045
2025-12-31 13:15:00,QLD1,0.00044
2025-12-31 13:15:00,SA1,-53.80664
2025-12-31 13:15:00,TAS1,39.04
2025-12-31 13:15:00,VIC1,-63.92
2025-12-31 13:20:00,NSW1,0.01024
2025-12-31 13:20:00,QLD1,0.01
2025-12-31 13:20:00,SA1,-49.95188
2025-12-31 13:20:00,TAS1,38.06
2025-12-31 13:20:00,VIC1,-59.46
2025-12-31 13:25:00,NSW1,14.81161
2025-12-31 13:25:00,QLD1,13.94
2025-12-31 13:25:00,SA1,-51.50228
2025-12-31 13:30:00,QLD1,0.49239
2025-12-31 13:25:00,TAS1,38.06
2025-12-31 13:25:00,VIC1,-62.95
2025-12-31 13:30:00,NSW1,0.50997
2025-12-31 13:30:00,SA1,-44.63388
2025-12-31 13:30:00,TAS1,32.48325
2025-12-31 13:30:00,VIC1,-50.72
2025-12-31 13:35:00,NSW1,45.71647
2025-12-31 13:35:00,QLD1,44.73
2025-12-31 13:35:00,SA1,-69.66
2025-12-31 13:35:00,TAS1,24.03152
2025-12-31 13:35:00,VIC1,-59.46
2025-12-31 13:40:00,NSW1,45.13191
2025-12-31 13:40:00,QLD1,44.73
2025-12-31 13:40:00,SA1,-52.38292
2025-12-31 13:40:00,TAS1,24.03152
2025-12-31 13:40:00,VIC1,-59.46
2025-12-31 13:45:00,NSW1,34.78485
2025-12-31 13:45:00,QLD1,34.75
2025-12-31 13:45:00,SA1,-69.66
2025-12-31 13:45:00,TAS1,32.99325
2025-12-31 13:45:00,VIC1,-50.72
2025-12-31 13:50:00,NSW1,18.1008
2025-12-31 13:50:00,QLD1,18.22895
2025-12-31 13:50:00,SA1,-89.0
2025-12-31 13:50:00,TAS1,20.2415
2025-12-31 13:50:00,VIC1,-62.95
2025-12-31 13:55:00,TAS1,16.44774
2025-12-31 13:55:00,NSW1,33.68391
2025-12-31 13:55:00,QLD1,33.8341
2025-12-31 13:55:00,SA1,-59.0
2025-12-31 13:55:00,VIC1,-66.31
2025-12-31 14:00:00,NSW1,4.48103
2025-12-31 14:00:00,QLD1,4.56479
2025-12-31 14:00:00,SA1,-89.0
2025-12-31 14:00:00,TAS1,23.75926
2025-12-31 14:00:00,VIC1,-59.57
2025-12-31 14:05:00,NSW1,0.51
2025-12-31 14:05:00,QLD1,0.48837
2025-12-31 14:05:00,SA1,-89.0
2025-12-31 14:05:00,TAS1,8.19828
2025-12-31 14:05:00,VIC1,-74.70645
2025-12-31 14:10:00,NSW1,-7.01265
2025-12-31 14:10:00,QLD1,-6.51
2025-12-31 14:10:00,SA1,-51.30986
2025-12-31 14:10:00,TAS1,26.55393
2025-12-31 14:10:00,VIC1,-57.0
2025-12-31 14:15:00,NSW1,0.0
2025-12-31 14:15:00,QLD1,0.0
2025-12-31 14:15:00,SA1,-89.1
2025-12-31 14:15:00,TAS1,20.7368
2025-12-31 14:15:00,VIC1,-62.51
2025-12-31 14:20:00,NSW1,-6e-05
2025-12-31 14:20:00,QLD1,-6e-05
2025-12-31 14:25:00,NSW1,-5e-05
2025-12-31 14:20:00,SA1,-92.01
2025-12-31 14:20:00,TAS1,16.65271
2025-12-31 14:20:00,VIC1,-66.31
2025-12-31 14:25:00,QLD1,-4e-05
2025-12-31 14:25:00,SA1,-59.29455
2025-12-31 14:25:00,TAS1,16.65271
2025-12-31 14:25:00,VIC1,-66.31
2025-12-31 14:30:00,NSW1,40.65402
2025-12-31 14:30:00,QLD1,37.0248
2025-12-31 14:30:00,SA1,-59.0
2025-12-31 14:30:00,TAS1,23.59979
2025-12-31 14:30:00,VIC1,-59.57
2025-12-31 14:35:00,NSW1,39.66382
2025-12-31 14:35:00,QLD1,36.55696
2025-12-31 14:35:00,SA1,-92.01
2025-12-31 14:35:00,TAS1,23.3172
2025-12-31 14:35:00,VIC1,-60.0
2025-12-31 14:40:00,NSW1,77.22513
2025-12-31 14:40:00,QLD1,70.0
2025-12-31 14:40:00,SA1,-89.0
2025-12-31 14:40:00,TAS1,50.1
2025-12-31 14:40:00,VIC1,-59.57
2025-12-31 14:45:00,NSW1,103.99
2025-12-31 14:45:00,QLD1,95.64132
2025-12-31 14:45:00,SA1,-54.12431
2025-12-31 14:45:00,TAS1,50.1
2025-12-31 14:50:00,SA1,-54.21508
2025-12-31 14:45:00,VIC1,-59.57
2025-12-31 14:50:00,NSW1,68.47614
2025-12-31 14:50:00,QLD1,63.54
2025-12-31 14:50:00,TAS1,23.47782
2025-12-31 14:50:00,VIC1,-60.0
2025-12-31 14:55:00,NSW1,69.29162
2025-12-31 14:55:00,QLD1,63.56
2025-12-31 14:55:00,SA1,-56.40169
2025-12-31 14:55:00,TAS1,19.89298
2025-12-31 14:55:00,VIC1,-62.95
2025-12-31 15:00:00,NSW1,66.98194
2025-12-31 15:00:00,QLD1,63.56
2025-12-31 15:00:00,SA1,-155.84
2025-12-31 15:00:00,TAS1,23.5182
2025-12-31 15:00:00,VIC1,-59.57
2025-12-31 15:05:00,NSW1,80.32307
2025-12-31 15:05:00,QLD1,75.95
2025-12-31 15:05:00,SA1,-89.1
2025-12-31 15:05:00,TAS1,23.69988
2025-12-31 15:05:00,VIC1,-59.46
2025-12-31 15:10:00,NSW1,99.60958
2025-12-31 15:10:00,QLD1,93.73
2025-12-31 15:10:00,SA1,-89.1
2025-12-31 15:10:00,TAS1,23.6307
2025-12-31 15:10:00,VIC1,-59.46
2025-12-31 15:15:00,NSW1,56.78006
2025-12-31 15:15:00,VIC1,-50.72
2025-12-31 15:15:00,QLD1,56.16145
2025-12-31 15:15:00,SA1,-129.0
2025-12-31 15:15:00,TAS1,32.99325
2025-12-31 15:20:00,NSW1,64.27057
2025-12-31 15:20:00,QLD1,63.58
2025-12-31 15:20:00,SA1,-129.0
2025-12-31 15:20:00,TAS1,21.48891
2025-12-31 15:20:00,VIC1,-61.77841
2025-12-31 15:25:00,NSW1,53.28426
2025-12-31 15:25:00,QLD1,54.99
2025-12-31 15:25:00,SA1,-200.0
2025-12-31 15:25:00,TAS1,33.48458
2025-12-31 15:25:00,VIC1,-50.11
2025-12-31 15:30:00,NSW1,51.5736
2025-12-31 15:30:00,QLD1,54.0
2025-12-31 15:30:00,SA1,-150.67
2025-12-31 15:30:00,TAS1,23.71317
2025-12-31 15:30:00,VIC1,-59.46
2025-12-31 15:35:00,NSW1,33.05731
2025-12-31 15:35:00,QLD1,35.73
2025-12-31 15:35:00,SA1,-155.84
2025-12-31 15:35:00,TAS1,33.00873
2025-12-31 15:35:00,VIC1,-50.11
2025-12-31 15:40:00,NSW1,4.81251
2025-12-31 15:40:00,QLD1,5.3
2025-12-31 15:40:00,SA1,-269.568
2025-12-31 15:45:00,QLD1,46.70261
2025-12-31 15:40:00,TAS1,24.03152
2025-12-31 15:40:00,VIC1,-59.46
2025-12-31 15:45:00,NSW1,41.08575
2025-12-31 15:45:00,SA1,-155.84
2025-12-31 15:45:00,TAS1,33.48458
2025-12-31 15:45:00,VIC1,-50.11
2025-12-31 15:50:00,NSW1,36.0602
2025-12-31 15:50:00,QLD1,54.96
2025-12-31 15:50:00,SA1,-200.0
2025-12-31 15:50:00,TAS1,32.85747
2025-12-31 15:50:00,VIC1,-50.72
2025-12-31 15:55:00,NSW1,42.39995
2025-12-31 15:55:00,QLD1,63.56
2025-12-31 15:55:00,SA1,-236.7948
2025-12-31 15:55:00,TAS1,33.48458
2025-12-31 15:55:00,VIC1,-50.11
2025-12-31 16:00:00,NSW1,58.45001
2025-12-31 16:00:00,QLD1,65.84401
2025-12-31 16:00:00,SA1,-264.27239
2025-12-31 16:00:00,TAS1,32.99325
2025-12-31 16:00:00,VIC1,-50.72
2025-12-31 16:05:00,NSW1,36.0602
2025-12-31 16:05:00,QLD1,63.52
2025-12-31 16:05:00,SA1,-252.1358
2025-12-31 16:05:00,TAS1,32.65023
2025-12-31 16:05:00,VIC1,-50.01
2025-12-31 16:10:00,TAS1,20.56946
2025-12-31 16:10:00,NSW1,56.25753
2025-12-31 16:10:00,QLD1,63.83005
2025-12-31 16:10:00,SA1,-272.76206
2025-12-31 16:10:00,VIC1,-62.51
2025-12-31 16:15:00,NSW1,-5.50989
2025-12-31 16:15:00,QLD1,54.76
2025-12-31 16:15:00,SA1,-268.08992
2025-12-31 16:15:00,TAS1,8.8807
2025-12-31 16:15:00,VIC1,-59.46
2025-12-31 16:20:00,NSW1,41.90563
2025-12-31 16:20:00,QLD1,52.77998
2025-12-31 16:20:00,SA1,-270.29187
2025-12-31 16:20:00,TAS1,8.8807
2025-12-31 16:20:00,VIC1,-59.46
2025-12-31 16:25:00,NSW1,-7.88
2025-12-31 16:25:00,QLD1,44.94002
2025-12-31 16:25:00,SA1,-260.23726
2025-12-31 16:25:00,TAS1,18.58739
2025-12-31 16:25:00,VIC1,-50.01
2025-12-31 16:30:00,NSW1,47.34076
2025-12-31 16:30:00,QLD1,54.96003
2025-12-31 16:30:00,SA1,-253.00702
2025-12-31 16:30:00,TAS1,17.72169
2025-12-31 16:30:00,VIC1,-50.72
2025-12-31 16:35:00,NSW1,57.3
2025-12-31 16:35:00,QLD1,66.20725
2025-12-31 16:40:00,NSW1,36.0602
2025-12-31 16:35:00,SA1,-254.71881
2025-12-31 16:35:00,TAS1,18.58739
2025-12-31 16:35:00,VIC1,-50.01
2025-12-31 16:40:00,QLD1,75.95
2025-12-31 16:40:00,SA1,-264.78078
2025-12-31 16:40:00,TAS1,18.35043
2025-12-31 16:40:00,VIC1,-50.11
2025-12-31 16:45:00,NSW1,36.0602
2025-12-31 16:45:00,QLD1,93.95
2025-12-31 16:45:00,SA1,-188.99
2025-12-31 16:45:00,TAS1,29.37542
2025-12-31 16:45:00,VIC1,-39.61945
2025-12-31 16:50:00,NSW1,57.3
2025-12-31 16:50:00,QLD1,103.89
2025-12-31 16:50:00,SA1,-89.0
2025-12-31 16:50:00,TAS1,18.85514
2025-12-31 16:50:00,VIC1,-50.01
2025-12-31 16:55:00,NSW1,80.02
2025-12-31 16:55:00,QLD1,119.0
2025-12-31 16:55:00,SA1,-129.0
2025-12-31 16:55:00,TAS1,39.06
2025-12-31 16:55:00,VIC1,-30.16547
2025-12-31 17:00:00,NSW1,69.74951
2025-12-31 17:00:00,QLD1,103.89
2025-12-31 17:00:00,SA1,-99.99999
2025-12-31 17:00:00,TAS1,40.1
2025-12-31 17:05:00,SA1,-80.0
2025-12-31 17:00:00,VIC1,-23.1132
2025-12-31 17:05:00,NSW1,57.3
2025-12-31 17:05:00,QLD1,75.73
2025-12-31 17:05:00,TAS1,39.08
2025-12-31 17:05:00,VIC1,-26.55073
2025-12-31 17:10:00,NSW1,57.02647
2025-12-31 17:10:00,QLD1,103.89
2025-12-31 17:10:00,SA1,-150.85
2025-12-31 17:10:00,TAS1,39.08
2025-12-31 17:10:00,VIC1,-19.99
2025-12-31 17:15:00,NSW1,56.98
2025-12-31 17:15:00,QLD1,103.89
2025-12-31 17:15:00,SA1,-99.99999
2025-12-31 17:15:00,TAS1,39.08
2025-12-31 17:15:00,VIC1,-23.0987
2025-12-31 17:20:00,NSW1,56.68721
2025-12-31 17:20:00,QLD1,93.74
2025-12-31 17:20:00,SA1,-233.82585
2025-12-31 17:20:00,TAS1,39.1
2025-12-31 17:20:00,VIC1,-20.99
2025-12-31 17:25:00,NSW1,57.03048
2025-12-31 17:25:00,QLD1,95.75
2025-12-31 17:25:00,SA1,-80.0
2025-12-31 17:25:00,TAS1,39.1
2025-12-31 17:25:00,VIC1,-15.64
2025-12-31 17:30:00,NSW1,57.08
2025-12-31 17:30:00,VIC1,-15.64
2025-12-31 17:30:00,QLD1,93.95
2025-12-31 17:30:00,SA1,-218.96685
2025-12-31 17:30:00,TAS1,40.02716
2025-12-31 17:35:00,NSW1,44.70246
2025-12-31 17:35:00,QLD1,73.29
2025-12-31 17:35:00,SA1,-48.5
2025-12-31 17:35:00,TAS1,39.1
2025-12-31 17:35:00,VIC1,-20.99
2025-12-31 17:40:00,NSW1,45.48855
2025-12-31 17:40:00,QLD1,75.73
2025-12-31 17:40:00,SA1,-99.99999
2025-12-31 17:40:00,TAS1,39.1
2025-12-31 17:40:00,VIC1,-15.64
2025-12-31 17:45:00,NSW1,43.62926
2025-12-31 17:45:00,QLD1,93.74
2025-12-31 17:45:00,SA1,-99.99999
2025-12-31 17:45:00,TAS1,41.82821
2025-12-31 17:45:00,VIC1,-15.64
2025-12-31 17:50:00,NSW1,57.3
2025-12-31 17:50:00,QLD1,84.8
2025-12-31 17:50:00,SA1,-44.93232
2025-12-31 17:50:00,TAS1,40.1
2025-12-31 17:50:00,VIC1,-15.64
2025-12-31 17:55:00,NSW1,56.99
2025-12-31 17:55:00,QLD1,74.7
2025-12-31 17:55:00,SA1,-31.13619
2025-12-31 18:00:00,QLD1,79.99
2025-12-31 17:55:00,TAS1,40.1
2025-12-31 17:55:00,VIC1,-15.64
2025-12-31 18:00:00,NSW1,57.3
2025-12-31 18:00:00,SA1,-61.58005
2025-12-31 18:00:00,TAS1,40.1
2025-12-31 18:00:00,VIC1,-8.0
2025-12-31 18:05:00,NSW1,50.74482
2025-12-31 18:05:00,QLD1,79.99
2025-12-31 18:05:00,SA1,-51.7906
2025-12-31 18:05:00,TAS1,40.1
2025-12-31 18:05:00,VIC1,-14.03993
2025-12-31 18:10:00,NSW1,48.58607
2025-12-31 18:10:00,QLD1,79.99
2025-12-31 18:10:00,SA1,-223.21937
2025-12-31 18:10:00,TAS1,40.1
2025-12-31 18:10:00,VIC1,-5.73
2025-12-31 18:15:00,NSW1,51.03336
2025-12-31 18:15:00,QLD1,78.83016
2025-12-31 18:15:00,SA1,-20.0
2025-12-31 18:15:00,TAS1,40.1
2025-12-31 18:15:00,VIC1,-7.36
2025-12-31 18:20:00,NSW1,55.25863
2025-12-31 18:20:00,QLD1,73.29
2025-12-31 18:20:00,SA1,-8.67013
2025-12-31 18:20:00,TAS1,40.1
2025-12-31 18:20:00,VIC1,-7.25
2025-12-31 18:25:00,TAS1,40.1
2025-12-31 18:25:00,NSW1,57.08
2025-12-31 18:25:00,QLD1,75.46
2025-12-31 18:25:00,SA1,-7.97
2025-12-31 18:25:00,VIC1,-6.74065
2025-12-31 18:30:00,NSW1,69.34288
2025-12-31 18:30:00,QLD1,79.99
2025-12-31 18:30:00,SA1,-6.99211
2025-12-31 18:30:00,TAS1,40.1
2025-12-31 18:30:00,VIC1,-7.25
2025-12-31 18:35:00,NSW1,68.79949
2025-12-31 18:35:00,QLD1,78.8301
2025-12-31 18:35:00,SA1,-7.76524
2025-12-31 18:35:00,TAS1,40.1
2025-12-31 18:35:00,VIC1,-7.99007
2025-12-31 18:40:00,NSW1,57.3
2025-12-31 18:40:00,QLD1,75.73
2025-12-31 18:40:00,SA1,-7.47759
2025-12-31 18:40:00,TAS1,39.1
2025-12-31 18:40:00,VIC1,-7.25
2025-12-31 18:45:00,NSW1,57.3
2025-12-31 18:45:00,QLD1,65.20287
2025-12-31 18:45:00,SA1,-5.54441
2025-12-31 18:45:00,TAS1,40.1
2025-12-31 18:45:00,VIC1,-5.73
2025-12-31 18:50:00,NSW1,57.3
2025-12-31 18:50:00,QLD1,65.9543
2025-12-31 18:50:00,SA1,-2.6247
2025-12-31 18:55:00,QLD1,73.29
2025-12-31 18:50:00,TAS1,41.82821
2025-12-31 18:50:00,VIC1,-2.7
2025-12-31 18:55:00,NSW1,64.78215
2025-12-31 18:55:00,SA1,-2.61367
2025-12-31 18:55:00,TAS1,39.1
2025-12-31 18:55:00,VIC1,-2.7
2025-12-31 19:00:00,NSW1,66.03134
2025-12-31 19:00:00,QLD1,75.44
2025-12-31 19:00:00,SA1,-1.87892
2025-12-31 19:00:00,TAS1,39.1
2025-12-31 19:00:00,VIC1,-2.7
2025-12-31 19:05:00,NSW1,72.00683
2025-12-31 19:05:00,QLD1,79.99
2025-12-31 19:05:00,SA1,-5.82225
2025-12-31 19:05:00,TAS1,40.1
2025-12-31 19:05:00,VIC1,-2.7
2025-12-31 19:10:00,NSW1,71.27863
2025-12-31 19:10:00,QLD1,79.99
2025-12-31 19:10:00,SA1,-7.69446
2025-12-31 19:10:00,TAS1,40.1
2025-12-31 19:10:00,VIC1,-2.7
2025-12-31 19:15:00,NSW1,68.46922
2025-12-31 19:15:00,QLD1,75.44
2025-12-31 19:15:00,SA1,-2.09995
2025-12-31 19:15:00,TAS1,40.1
2025-12-31 19:15:00,VIC1,-2.7
2025-12-31 19:20:00,NSW1,78.23422
2025-12-31 19:20:00,VIC1,-7.99
2025-12-31 19:20:00,QLD1,86.19
2025-12-31 19:20:00,SA1,-2.09995
2025-12-31 19:20:00,TAS1,40.1
2025-12-31 19:25:00,NSW1,74.44141
2025-12-31 19:25:00,QLD1,79.99
2025-12-31 19:25:00,SA1,-6.01
2025-12-31 19:25:00,TAS1,40.1
2025-12-31 19:25:00,VIC1,-5.77867
2025-12-31 19:30:00,NSW1,80.02
2025-12-31 19:30:00,QLD1,86.00176
2025-12-31 19:30:00,SA1,-5.98373
2025-12-31 19:30:00,TAS1,40.1
2025-12-31 19:30:00,VIC1,-5.73
2025-12-31 19:35:00,NSW1,67.4203
2025-12-31 19:35:00,QLD1,73.29
2025-12-31 19:35:00,SA1,-6.99991
2025-12-31 19:35:00,TAS1,40.1
2025-12-31 19:35:00,VIC1,-7.99
2025-12-31 19:40:00,NSW1,58.52163
2025-12-31 19:40:00,QLD1,64.75
2025-12-31 19:40:00,SA1,-2.09995
2025-12-31 19:40:00,TAS1,40.1
2025-12-31 19:40:00,VIC1,-7.99
2025-12-31 19:45:00,NSW1,75.89197
2025-12-31 19:45:00,QLD1,82.39
2025-12-31 19:45:00,SA1,-6.01
2025-12-31 19:45:00,TAS1,40.1
2025-12-31 19:50:00,SA1,-0.08194
2025-12-31 19:45:00,VIC1,-5.73
2025-12-31 19:50:00,NSW1,71.43402
2025-12-31 19:50:00,QLD1,78.83016
2025-12-31 19:50:00,TAS1,41.1
2025-12-31 19:50:00,VIC1,-2.7
2025-12-31 19:55:00,NSW1,71.83892
2025-12-31 19:55:00,QLD1,78.83016
2025-12-31 19:55:00,SA1,-0.23215
2025-12-31 19:55:00,TAS1,67.1
2025-12-31 19:55:00,VIC1,-2.7
2025-12-31 20:00:00,NSW1,65.61528
2025-12-31 20:00:00,QLD1,71.9
2025-12-31 20:00:00,SA1,-2.73925
2025-12-31 20:00:00,TAS1,66.3121
2025-12-31 20:00:00,VIC1,-2.7
2025-12-31 20:05:00,NSW1,80.01927
2025-12-31 20:05:00,QLD1,86.14
2025-12-31 20:05:00,SA1,-2.77265
2025-12-31 20:05:00,TAS1,66.28487
2025-12-31 20:05:00,VIC1,-2.7
2025-12-31 20:10:00,NSW1,74.34489
2025-12-31 20:10:00,QLD1,79.99
2025-12-31 20:10:00,SA1,-5.83563
2025-12-31 20:10:00,TAS1,63.17667
2025-12-31 20:10:00,VIC1,-5.73
2025-12-31 20:15:00,NSW1,69.0424
2025-12-31 20:15:00,QLD1,73.29
2025-12-31 20:20:00,NSW1,58.78682
2025-12-31 20:15:00,SA1,-2.75246
2025-12-31 20:15:00,TAS1,40.1
2025-12-31 20:15:00,VIC1,-2.7
2025-12-31 20:20:00,QLD1,63.54
2025-12-31 20:20:00,SA1,-5.75013
2025-12-31 20:20:00,TAS1,61.28201
2025-12-31 20:20:00,VIC1,-5.73
2025-12-31 20:25:00,NSW1,59.95917
2025-12-31 20:25:00,QLD1,64.75
2025-12-31 20:25:00,SA1,-5.75602
2025-12-31 20:25:00,TAS1,40.1
2025-12-31 20:25:00,VIC1,-5.73
2025-12-31 20:30:00,NSW1,59.13097
2025-12-31 20:30:00,QLD1,63.83003
2025-12-31 20:30:00,SA1,-2.09995
2025-12-31 20:30:00,TAS1,65.6321
2025-12-31 20:30:00,VIC1,-2.7
2025-12-31 20:35:00,NSW1,67.14747
2025-12-31 20:35:00,QLD1,73.29
2025-12-31 20:35:00,SA1,-2.09995
2025-12-31 20:35:00,TAS1,65.6221
2025-12-31 20:35:00,VIC1,-2.7
2025-12-31 20:40:00,NSW1,72.53044
2025-12-31 20:40:00,QLD1,78.83016
2025-12-31 20:40:00,SA1,-2.70449
2025-12-31 20:40:00,TAS1,66.2921
2025-12-31 20:40:00,VIC1,-2.7
2025-12-31 20:45:00,TAS1,41.1
2025-12-31 20:45:00,NSW1,68.62459
2025-12-31 20:45:00,QLD1,75.42
2025-12-31 20:45:00,SA1,-5.68939
2025-12-31 20:45:00,VIC1,-5.73
2025-12-31 20:50:00,NSW1,67.52621
2025-12-31 20:50:00,QLD1,73.29
2025-12-31 20:50:00,SA1,-5.71375
2025-12-31 20:50:00,TAS1,63.19201
2025-12-31 20:50:00,VIC1,-5.73
2025-12-31 20:55:00,NSW1,73.00546
2025-12-31 20:55:00,QLD1,78.83016
2025-12-31 20:55:00,SA1,-5.70893
2025-12-31 20:55:00,TAS1,64.20133
2025-12-31 20:55:00,VIC1,-5.73
2025-12-31 21:00:00,NSW1,72.55332
2025-12-31 21:00:00,QLD1,78.83016
2025-12-31 21:00:00,SA1,-2.67911
2025-12-31 21:00:00,TAS1,40.1
2025-12-31 21:00:00,VIC1,-2.7
2025-12-31 21:05:00,NSW1,72.27234
2025-12-31 21:05:00,QLD1,78.83016
2025-12-31 21:05:00,SA1,-2.68043
2025-12-31 21:05:00,TAS1,40.1
2025-12-31 21:05:00,VIC1,-2.7
2025-12-31 21:10:00,NSW1,73.71597
2025-12-31 21:10:00,QLD1,79.99
2025-12-31 21:10:00,SA1,-2.66776
2025-12-31 21:15:00,QLD1,78.83016
2025-12-31 21:10:00,TAS1,40.1
2025-12-31 21:10:00,VIC1,-2.7
2025-12-31 21:15:00,NSW1,72.26842
2025-12-31 21:15:00,SA1,-2.65732
2025-12-31 21:15:00,TAS1,41.1
2025-12-31 21:15:00,VIC1,-2.7
2025-12-31 21:20:00,NSW1,69.26688
2025-12-31 21:20:00,QLD1,75.95
2025-12-31 21:20:00,SA1,-2.55775
2025-12-31 21:20:00,TAS1,40.1
2025-12-31 21:20:00,VIC1,-2.7
2025-12-31 21:25:00,NSW1,71.39982
2025-12-31 21:25:00,QLD1,78.83016
2025-12-31 21:25:00,SA1,-2.64273
2025-12-31 21:25:00,TAS1,65.3721
2025-12-31 21:25:00,VIC1,-2.7
2025-12-31 21:30:00,NSW1,71.04667
2025-12-31 21:30:00,QLD1,78.83016
2025-12-31 21:30:00,SA1,-2.6161
2025-12-31 21:30:00,TAS1,40.1
2025-12-31 21:30:00,VIC1,-2.7
2025-12-31 21:35:00,NSW1,57.3
2025-12-31 21:35:00,QLD1,63.14582
2025-12-31 21:35:00,SA1,-2.09995
2025-12-31 21:35:00,TAS1,40.1
2025-12-31 21:35:00,VIC1,-2.16552
2025-12-31 21:40:00,NSW1,58.00815
2025-12-31 21:40:00,VIC1,-2.7
2025-12-31 21:40:00,QLD1,64.75
2025-12-31 21:40:00,SA1,-2.59759
2025-12-31 21:40:00,TAS1,40.1
2025-12-31 21:45:00,NSW1,57.3
2025-12-31 21:45:00,QLD1,63.73
2025-12-31 21:45:00,SA1,-5.81769
2025-12-31 21:45:00,TAS1,40.1
2025-12-31 21:45:00,VIC1,0.01
2025-12-31 21:50:00,NSW1,57.97637
2025-12-31 21:50:00,QLD1,63.83011
2025-12-31 21:50:00,SA1,-6.01
2025-12-31 21:50:00,TAS1,40.1
2025-12-31 21:50:00,VIC1,-2.7
2025-12-31 21:55:00,NSW1,57.3
2025-12-31 21:55:00,QLD1,63.73
2025-12-31 21:55:00,SA1,-5.8161
2025-12-31 21:55:00,TAS1,41.1
2025-12-31 21:55:00,VIC1,0.00027
2025-12-31 22:00:00,NSW1,57.39739
2025-12-31 22:00:00,QLD1,63.56
2025-12-31 22:00:00,SA1,-6.01
2025-12-31 22:00:00,TAS1,39.1
2025-12-31 22:00:00,VIC1,-2.69976
2025-12-31 22:05:00,NSW1,69.1018
2025-12-31 22:05:00,QLD1,75.48
2025-12-31 22:05:00,SA1,-6.01
2025-12-31 22:05:00,TAS1,39.12
2025-12-31 22:10:00,SA1,-6.01
2025-12-31 22:05:00,VIC1,-2.7
2025-12-31 22:10:00,NSW1,57.3
2025-12-31 22:10:00,QLD1,63.52
2025-12-31 22:10:00,TAS1,39.12
2025-12-31 22:10:00,VIC1,-1.21909
2025-12-31 22:15:00,NSW1,69.1675
2025-12-31 22:15:00,QLD1,75.46
2025-12-31 22:15:00,SA1,-6.01
2025-12-31 22:15:00,TAS1,39.12
2025-12-31 22:15:00,VIC1,5e-05
2025-12-31 22:20:00,NSW1,70.40003
2025-12-31 22:20:00,QLD1,75.75
2025-12-31 22:20:00,SA1,-6.01
2025-12-31 22:20:00,TAS1,39.12
2025-12-31 22:20:00,VIC1,0.18996
2025-12-31 22:25:00,NSW1,58.95092
2025-12-31 22:25:00,QLD1,63.83017
2025-12-31 22:25:00,SA1,-6.01
2025-12-31 22:25:00,TAS1,40.0267
2025-12-31 22:25:00,VIC1,1.01
2025-12-31 22:30:00,NSW1,58.83839
2025-12-31 22:30:00,QLD1,63.73
2025-12-31 22:30:00,SA1,5e-05
2025-12-31 22:30:00,TAS1,40.1
2025-12-31 22:30:00,VIC1,5e-05
2025-12-31 22:35:00,NSW1,57.3
2025-12-31 22:35:00,QLD1,61.69955
2025-12-31 22:40:00,NSW1,72.42361
2025-12-31 22:35:00,SA1,0.00912
2025-12-31 22:35:00,TAS1,39.12
2025-12-31 22:35:00,VIC1,0.01
2025-12-31 22:40:00,QLD1,78.83016
2025-12-31 22:40:00,SA1,0.00894
2025-12-31 22:40:00,TAS1,39.12
2025-12-31 22:40:00,VIC1,0.01
2025-12-31 22:45:00,NSW1,58.27847
2025-12-31 22:45:00,QLD1,63.73
2025-12-31 22:45:00,SA1,0.0
2025-12-31 22:45:00,TAS1,39.12
2025-12-31 22:45:00,VIC1,5e-05
2025-12-31 22:50:00,NSW1,58.32373
2025-12-31 22:50:00,QLD1,63.83017
2025-12-31 22:50:00,SA1,-0.12284
2025-12-31 22:50:00,TAS1,40.08399
2025-12-31 22:50:00,VIC1,1.01
2025-12-31 22:55:00,NSW1,57.03
2025-12-31 22:55:00,QLD1,60.17558
2025-12-31 22:55:00,SA1,0.88635
2025-12-31 22:55:00,TAS1,41.0167
2025-12-31 22:55:00,VIC1,1.01
2025-12-31 23:00:00,NSW1,57.3
2025-12-31 23:00:00,QLD1,62.24368
2025-12-31 23:00:00,SA1,0.00872
2025-12-31 23:00:00,TAS1,39.12
2025-12-31 23:00:00,VIC1,0.01
2025-12-31 23:05:00,TAS1,39.12
2025-12-31 23:05:00,NSW1,57.3
2025-12-31 23:05:00,QLD1,63.29152
2025-12-31 23:05:00,SA1,0.88093
2025-12-31 23:05:00,VIC1,1.01
2025-12-31 23:10:00,NSW1,71.2819
2025-12-31 23:10:00,QLD1,78.83016
2025-12-31 23:10:00,SA1,0.92936
2025-12-31 23:10:00,TAS1,39.12
2025-12-31 23:10:00,VIC1,1.08
2025-12-31 23:15:00,NSW1,57.3
2025-12-31 23:15:00,QLD1,63.73
2025-12-31 23:15:00,SA1,1.09939
2025-12-31 23:15:00,TAS1,39.12
2025-12-31 23:15:00,VIC1,1.28
2025-12-31 23:20:00,NSW1,57.3
2025-12-31 23:20:00,QLD1,63.26945
2025-12-31 23:20:00,SA1,2.11282
2025-12-31 23:20:00,TAS1,42.46972
2025-12-31 23:20:00,VIC1,2.46
2025-12-31 23:25:00,NSW1,57.3
2025-12-31 23:25:00,QLD1,62.46167
2025-12-31 23:25:00,SA1,11.15154
2025-12-31 23:25:00,TAS1,52.96104
2025-12-31 23:25:00,VIC1,12.91
2025-12-31 23:30:00,NSW1,57.3
2025-12-31 23:30:00,QLD1,62.12334
2025-12-31 23:35:00,NSW1,57.3
2025-12-31 23:30:00,SA1,7.77471
2025-12-31 23:30:00,TAS1,48.96142
2025-12-31 23:30:00,VIC1,8.95
2025-12-31 23:35:00,QLD1,62.09319
2025-12-31 23:35:00,SA1,18.82153
2025-12-31 23:35:00,TAS1,57.62299
2025-12-31 23:35:00,VIC1,1.01
2025-12-31 23:40:00,NSW1,58.19478
2025-12-31 23:40:00,QLD1,63.83005
2025-12-31 23:40:00,SA1,22.97707
2025-12-31 23:40:00,TAS1,39.62752
2025-12-31 23:40:00,VIC1,8.95
2025-12-31 23:45:00,NSW1,68.25496
2025-12-31 23:45:00,QLD1,75.75
2025-12-31 23:45:00,SA1,26.13849
2025-12-31 23:45:00,TAS1,39.62752
2025-12-31 23:45:00,VIC1,8.95
2025-12-31 23:50:00,NSW1,77.33239
2025-12-31 23:50:00,QLD1,84.81
2025-12-31 23:50:00,SA1,29.23525
2025-12-31 23:50:00,TAS1,39.156
2025-12-31 23:50:00,VIC1,8.95
2025-12-31 23:55:00,NSW1,67.93443
2025-12-31 23:55:00,QLD1,75.75
2025-12-31 23:55:00,SA1,18.2
2025-12-31 23:55:00,TAS1,39.62752
2025-12-31 23:55:00,VIC1,1.01
