interval_start,region,demand_mw
2025-12-31 00:00:00,NSW1,6758.24
2025-12-31 00:00:00,QLD1,6193.82
2025-12-31 00:00:00,SA1,1426.77
2025-12-31 00:00:00,TAS1,841.86
2025-12-31 00:00:00,VIC1,4190.33
2025-12-31 00:05:00,NSW1,6723.44
2025-12-31 00:05:00,QLD1,6092.26
2025-12-31 00:05:00,SA1,1424.51
2025-12-31 00:05:00,TAS1,839.82
2025-12-31 00:05:00,VIC1,4209.48
2025-12-31 00:10:00,NSW1,6762.44
2025-12-31 00:10:00,QLD1,6141.97
2025-12-31 00:10:00,SA1,1433.92
2025-12-31 00:15:00,QLD1,6122.14
2025-12-31 00:10:00,TAS1,830.98
2025-12-31 00:10:00,VIC1,4165.78
2025-12-31 00:15:00,NSW1,6731.91
2025-12-31 00:15:00,SA1,1442.0
2025-12-31 00:15:00,TAS1,841.58
2025-12-31 00:15:00,VIC1,4128.53
2025-12-31 00:20:00,NSW1,6666.73
2025-12-31 00:20:00,QLD1,6097.97
2025-12-31 00:20:00,SA1,1460.08
2025-12-31 00:20:00,TAS1,834.16
2025-12-31 00:20:00,VIC1,4103.68
2025-12-31 00:25:00,NSW1,6573.96
2025-12-31 00:25:00,QLD1,6034.59
2025-12-31 00:25:00,SA1,1459.62
2025-12-31 00:25:00,TAS1,828.27
2025-12-31 00:25:00,VIC1,4064.74
2025-12-31 00:30:00,NSW1,6564.47
2025-12-31 00:30:00,QLD1,5971.52
2025-12-31 00:30:00,SA1,1482.44
2025-12-31 00:30:00,TAS1,832.64
2025-12-31 00:35:00,SA1,1472.94
2025-12-31 00:30:00,VIC1,4037.3
2025-12-31 00:35:00,NSW1,6489.15
2025-12-31 00:35:00,QLD1,6000.83
2025-12-31 00:35:00,TAS1,827.81
2025-12-31 00:35:00,VIC1,4016.04
2025-12-31 00:40:00,NSW1,6493.5
2025-12-31 00:40:00,QLD1,5958.27
2025-12-31 00:40:00,SA1,1495.77
2025-12-31 00:40:00,TAS1,824.81
2025-12-31 00:40:00,VIC1,4009.45
2025-12-31 00:45:00,NSW1,6447.84
2025-12-31 00:45:00,QLD1,5918.22
2025-12-31 00:45:00,SA1,1529.18
2025-12-31 00:45:00,TAS1,825.81
2025-12-31 00:45:00,VIC1,4008.52
2025-12-31 00:50:00,NSW1,6443.6
2025-12-31 00:50:00,QLD1,5863.9
2025-12-31 00:50:00,SA1,1495.39
2025-12-31 00:50:00,TAS1,826.27
2025-12-31 00:50:00,VIC1,3993.65
2025-12-31 00:55:00,TAS1,821.91
2025-12-31 00:55:00,NSW1,6387.17
2025-12-31 00:55:00,QLD1,5921.92
2025-12-31 00:55:00,SA1,1489.75
2025-12-31 00:55:00,VIC1,3990.43
2025-12-31 01:00:00,NSW1,6355.63
2025-12-31 01:00:00,QLD1,5855.11
2025-12-31 01:00:00,SA1,1486.12
2025-12-31 01:00:00,TAS1,812.44
2025-12-31 01:00:00,VIC1,3977.76
2025-12-31 01:05:00,NSW1,6331.13
2025-12-31 01:05:00,QLD1,5864.07
2025-12-31 01:05:00,SA1,1498.86
2025-12-31 01:05:00,TAS1,809.01
2025-12-31 01:05:00,VIC1,3977.46
2025-12-31 01:10:00,NSW1,6336.19
2025-12-31 01:10:00,QLD1,5864.92
2025-12-31 01:10:00,SA1,1491.21
2025-12-31 01:10:00,TAS1,814.7
2025-12-31 01:10:00,VIC1,3944.51
2025-12-31 01:15:00,NSW1,6289.74
2025-12-31 01:15:00,VIC1,3929.34
2025-12-31 01:15:00,QLD1,5848.72
2025-12-31 01:15:00,SA1,1488.81
2025-12-31 01:15:00,TAS1,822.63
2025-12-31 01:20:00,NSW1,6248.34
2025-12-31 01:20:00,QLD1,5850.5
2025-12-31 01:20:00,SA1,1479.73
2025-12-31 01:20:00,TAS1,818.57
2025-12-31 01:20:00,VIC1,3907.99
2025-12-31 01:25:00,NSW1,6261.34
2025-12-31 01:25:00,QLD1,5850.81
2025-12-31 01:25:00,SA1,1461.34
2025-12-31 01:25:00,TAS1,817.47
2025-12-31 01:25:00,VIC1,3912.81
2025-12-31 01:30:00,NSW1,6188.3
2025-12-31 01:30:00,QLD1,5816.28
2025-12-31 01:30:00,SA1,1477.96
2025-12-31 01:30:00,TAS1,825.65
2025-12-31 01:30:00,VIC1,3878.76
2025-12-31 01:35:00,NSW1,6154.38
2025-12-31 01:35:00,QLD1,5768.21
2025-12-31 01:40:00,NSW1,6153.43
2025-12-31 01:35:00,SA1,1467.44
2025-12-31 01:35:00,TAS1,821.54
2025-12-31 01:35:00,VIC1,3882.94
2025-12-31 01:40:00,QLD1,5735.34
2025-12-31 01:40:00,SA1,1436.13
2025-12-31 01:40:00,TAS1,817.88
2025-12-31 01:40:00,VIC1,3876.51
2025-12-31 01:45:00,NSW1,6121.05
2025-12-31 01:45:00,QLD1,5790.91
2025-12-31 01:45:00,SA1,1426.96
2025-12-31 01:45:00,TAS1,821.03
2025-12-31 01:45:00,VIC1,3856.85
2025-12-31 01:50:00,NSW1,6113.59
2025-12-31 01:50:00,QLD1,5724.71
2025-12-31 01:50:00,SA1,1423.73
2025-12-31 01:50:00,TAS1,825.63
2025-12-31 01:50:00,VIC1,3858.68
2025-12-31 01:55:00,NSW1,6148.22
2025-12-31 01:55:00,QLD1,5735.96
2025-12-31 01:55:00,SA1,1398.48
2025-12-31 02:00:00,QLD1,5766.4
2025-12-31 01:55:00,TAS1,818.57
2025-12-31 01:55:00,VIC1,3826.08
2025-12-31 02:00:00,NSW1,6058.25
2025-12-31 02:00:00,SA1,1391.12
2025-12-31 02:00:00,TAS1,826.47
2025-12-31 02:00:00,VIC1,3829.16
2025-12-31 02:05:00,NSW1,6049.77
2025-12-31 02:05:00,QLD1,5732.37
2025-12-31 02:05:00,SA1,1391.76
2025-12-31 02:05:00,TAS1,834.87
2025-12-31 02:05:00,VIC1,3823.91
2025-12-31 02:10:00,NSW1,6084.25
2025-12-31 02:10:00,QLD1,5688.2
2025-12-31 02:10:00,SA1,1387.07
2025-12-31 02:10:00,TAS1,844.42
2025-12-31 02:10:00,VIC1,3802.96
2025-12-31 02:15:00,NSW1,6090.84
2025-12-31 02:15:00,QLD1,5671.36
2025-12-31 02:15:00,SA1,1389.29
2025-12-31 02:15:00,TAS1,843.45
2025-12-31 02:20:00,SA1,1395.8
2025-12-31 02:15:00,VIC1,3798.28
2025-12-31 02:20:00,NSW1,6039.11
2025-12-31 02:20:00,QLD1,5739.86
2025-12-31 02:20:00,TAS1,849.03
2025-12-31 02:20:00,VIC1,3799.13
2025-12-31 02:25:00,NSW1,6065.14
2025-12-31 02:25:00,QLD1,5697.56
2025-12-31 02:25:00,SA1,1384.12
2025-12-31 02:25:00,TAS1,851.28
2025-12-31 02:25:00,VIC1,3782.97
2025-12-31 02:30:00,NSW1,6025.98
2025-12-31 02:30:00,QLD1,5667.85
2025-12-31 02:30:00,SA1,1368.18
2025-12-31 02:30:00,TAS1,852.01
2025-12-31 02:30:00,VIC1,3763.47
2025-12-31 02:35:00,NSW1,6026.51
2025-12-31 02:35:00,QLD1,5686.58
2025-12-31 02:35:00,SA1,1378.29
2025-12-31 02:35:00,TAS1,855.97
2025-12-31 02:35:00,VIC1,3737.22
2025-12-31 02:40:00,TAS1,859.86
2025-12-31 02:40:00,NSW1,6021.62
2025-12-31 02:40:00,QLD1,5651.49
2025-12-31 02:40:00,SA1,1377.85
2025-12-31 02:40:00,VIC1,3718.99
2025-12-31 02:45:00,NSW1,5971.33
2025-12-31 02:45:00,QLD1,5652.42
2025-12-31 02:45:00,SA1,1367.58
2025-12-31 02:45:00,TAS1,858.15
2025-12-31 02:45:00,VIC1,3698.3
2025-12-31 02:50:00,NSW1,5990.48
2025-12-31 02:50:00,QLD1,5674.5
2025-12-31 02:50:00,SA1,1364.79
2025-12-31 02:50:00,TAS1,854.62
2025-12-31 02:50:00,VIC1,3700.54
2025-12-31 02:55:00,NSW1,5964.82
2025-12-31 02:55:00,QLD1,5719.03
2025-12-31 02:55:00,SA1,1347.54
2025-12-31 02:55:00,TAS1,853.12
2025-12-31 02:55:00,VIC1,3697.26
2025-12-31 03:00:00,NSW1,5954.42
2025-12-31 03:00:00,VIC1,3718.65
2025-12-31 03:00:00,QLD1,5728.23
2025-12-31 03:00:00,SA1,1326.12
2025-12-31 03:00:00,TAS1,858.55
2025-12-31 03:05:00,NSW1,5946.55
2025-12-31 03:05:00,QLD1,5676.79
2025-12-31 03:05:00,SA1,1325.99
2025-12-31 03:05:00,TAS1,863.88
2025-12-31 03:05:00,VIC1,3724.53
2025-12-31 03:10:00,NSW1,5995.07
2025-12-31 03:10:00,QLD1,5626.1
2025-12-31 03:10:00,SA1,1327.78
2025-12-31 03:10:00,TAS1,874.77
2025-12-31 03:10:00,VIC1,3726.65
2025-12-31 03:15:00,NSW1,5991.59
2025-12-31 03:15:00,QLD1,5640.84
2025-12-31 03:15:00,SA1,1343.82
2025-12-31 03:15:00,TAS1,879.34
2025-12-31 03:15:00,VIC1,3734.32
2025-12-31 03:20:00,NSW1,5946.05
2025-12-31 03:20:00,QLD1,5689.57
2025-12-31 03:25:00,NSW1,5962.0
2025-12-31 03:20:00,SA1,1340.22
2025-12-31 03:20:00,TAS1,876.41
2025-12-31 03:20:00,VIC1,3743.8
2025-12-31 03:25:00,QLD1,5624.32
2025-12-31 03:25:00,SA1,1347.64
2025-12-31 03:25:00,TAS1,877.74
2025-12-31 03:25:00,VIC1,3743.71
2025-12-31 03:30:00,NSW1,5956.38
2025-12-31 03:30:00,QLD1,5661.09
2025-12-31 03:30:00,SA1,1362.61
2025-12-31 03:30:00,TAS1,876.12
2025-12-31 03:30:00,VIC1,3754.49
2025-12-31 03:35:00,NSW1,5949.54
2025-12-31 03:35:00,QLD1,5683.73
2025-12-31 03:35:00,SA1,1335.78
2025-12-31 03:35:00,TAS1,885.36
2025-12-31 03:35:00,VIC1,3746.08
2025-12-31 03:40:00,NSW1,6015.38
2025-12-31 03:40:00,QLD1,5631.44
2025-12-31 03:40:00,SA1,1320.85
2025-12-31 03:45:00,QLD1,5650.81
2025-12-31 03:40:00,TAS1,878.78
2025-12-31 03:40:00,VIC1,3731.98
2025-12-31 03:45:00,NSW1,5981.74
2025-12-31 03:45:00,SA1,1312.74
2025-12-31 03:45:00,TAS1,883.25
2025-12-31 03:45:00,VIC1,3760.82
2025-12-31 03:50:00,NSW1,5962.93
2025-12-31 03:50:00,QLD1,5620.25
2025-12-31 03:50:00,SA1,1315.16
2025-12-31 03:50:00,TAS1,875.07
2025-12-31 03:50:00,VIC1,3753.0
2025-12-31 03:55:00,NSW1,5968.05
2025-12-31 03:55:00,QLD1,5602.47
2025-12-31 03:55:00,SA1,1299.11
2025-12-31 03:55:00,TAS1,875.2
2025-12-31 03:55:00,VIC1,3736.84
2025-12-31 04:00:00,NSW1,6003.94
2025-12-31 04:00:00,QLD1,5626.21
2025-12-31 04:00:00,SA1,1308.2
2025-12-31 04:00:00,TAS1,877.74
2025-12-31 04:05:00,SA1,1309.95
2025-12-31 04:00:00,VIC1,3771.33
2025-12-31 04:05:00,NSW1,5952.68
2025-12-31 04:05:00,QLD1,5646.49
2025-12-31 04:05:00,TAS1,887.79
2025-12-31 04:05:00,VIC1,3805.5
2025-12-31 04:10:00,NSW1,5982.79
2025-12-31 04:10:00,QLD1,5723.24
2025-12-31 04:10:00,SA1,1333.11
2025-12-31 04:10:00,TAS1,891.56
2025-12-31 04:10:00,VIC1,3822.85
2025-12-31 04:15:00,NSW1,5941.36
2025-12-31 04:15:00,QLD1,5718.69
2025-12-31 04:15:00,SA1,1339.84
2025-12-31 04:15:00,TAS1,889.65
2025-12-31 04:15:00,VIC1,3844.83
2025-12-31 04:20:00,NSW1,5948.87
2025-12-31 04:20:00,QLD1,5795.93
2025-12-31 04:20:00,SA1,1359.73
2025-12-31 04:20:00,TAS1,890.19
2025-12-31 04:20:00,VIC1,3819.8
2025-12-31 04:25:00,TAS1,821.32
2025-12-31 04:25:00,NSW1,6064.12
2025-12-31 04:25:00,QLD1,5676.83
2025-12-31 04:25:00,SA1,1361.44
2025-12-31 04:25:00,VIC1,3852.42
2025-12-31 04:30:00,NSW1,6025.57
2025-12-31 04:30:00,QLD1,5714.55
2025-12-31 04:30:00,SA1,1346.66
2025-12-31 04:30:00,TAS1,783.45
2025-12-31 04:30:00,VIC1,3827.02
2025-12-31 04:35:00,NSW1,6020.51
2025-12-31 04:35:00,QLD1,5729.81
2025-12-31 04:35:00,SA1,1340.49
2025-12-31 04:35:00,TAS1,786.49
2025-12-31 04:35:00,VIC1,3850.06
2025-12-31 04:40:00,NSW1,6035.64
2025-12-31 04:40:00,QLD1,5705.0
2025-12-31 04:40:00,SA1,1336.64
2025-12-31 04:40:00,TAS1,797.91
2025-12-31 04:40:00,VIC1,3864.88
2025-12-31 04:45:00,NSW1,6022.44
2025-12-31 04:45:00,VIC1,3906.6
2025-12-31 04:45:00,QLD1,5722.69
2025-12-31 04:45:00,SA1,1360.93
2025-12-31 04:45:00,TAS1,810.22
2025-12-31 04:50:00,NSW1,6041.73
2025-12-31 04:50:00,QLD1,5710.59
2025-12-31 04:50:00,SA1,1358.26
2025-12-31 04:50:00,TAS1,804.97
2025-12-31 04:50:00,VIC1,3946.95
2025-12-31 04:55:00,NSW1,6060.16
2025-12-31 04:55:00,QLD1,5662.88
2025-12-31 04:55:00,SA1,1363.27
2025-12-31 04:55:00,TAS1,806.12
2025-12-31 04:55:00,VIC1,3901.44
2025-12-31 05:00:00,NSW1,6107.0
2025-12-31 05:00:00,QLD1,5698.38
2025-12-31 05:00:00,SA1,1374.87
2025-12-31 05:00:00,TAS1,797.36
2025-12-31 05:00:00,VIC1,3916.49
2025-12-31 05:05:00,NSW1,6114.46
2025-12-31 05:05:00,QLD1,5679.34
2025-12-31 05:10:00,NSW1,6167.89
2025-12-31 05:05:00,SA1,1362.36
2025-12-31 05:05:00,TAS1,791.05
2025-12-31 05:05:00,VIC1,3927.7
2025-12-31 05:10:00,QLD1,5652.6
2025-12-31 05:10:00,SA1,1382.67
2025-12-31 05:10:00,TAS1,867.57
2025-12-31 05:10:00,VIC1,3955.12
2025-12-31 05:15:00,NSW1,6121.69
2025-12-31 05:15:00,QLD1,5685.01
2025-12-31 05:15:00,SA1,1363.81
2025-12-31 05:15:00,TAS1,895.84
2025-12-31 05:15:00,VIC1,3970.06
2025-12-31 05:20:00,NSW1,6101.23
2025-12-31 05:20:00,QLD1,5739.62
2025-12-31 05:20:00,SA1,1394.86
2025-12-31 05:20:00,TAS1,898.05
2025-12-31 05:20:00,VIC1,3932.4
2025-12-31 05:25:00,NSW1,6051.89
2025-12-31 05:25:00,QLD1,5626.85
2025-12-31 05:25:00,SA1,1374.32
2025-12-31 05:30:00,QLD1,5610.66
2025-12-31 05:25:00,TAS1,892.03
2025-12-31 05:25:00,VIC1,3962.08
2025-12-31 05:30:00,NSW1,6067.53
2025-12-31 05:30:00,SA1,1364.14
2025-12-31 05:30:00,TAS1,886.29
2025-12-31 05:30:00,VIC1,3940.72
2025-12-31 05:35:00,NSW1,6006.54
2025-12-31 05:35:00,QLD1,5615.88
2025-12-31 05:35:00,SA1,1356.06
2025-12-31 05:35:00,TAS1,889.6
2025-12-31 05:35:00,VIC1,3920.58
2025-12-31 05:40:00,NSW1,6077.2
2025-12-31 05:40:00,QLD1,5558.99
2025-12-31 05:40:00,SA1,1370.6
2025-12-31 05:40:00,TAS1,891.2
2025-12-31 05:40:00,VIC1,3965.42
2025-12-31 05:45:00,NSW1,6057.17
2025-12-31 05:45:00,QLD1,5534.62
2025-12-31 05:45:00,SA1,1371.71
2025-12-31 05:45:00,TAS1,895.0
2025-12-31 05:50:00,SA1,1368.6
2025-12-31 05:45:00,VIC1,3952.27
2025-12-31 05:50:00,NSW1,6009.16
2025-12-31 05:50:00,QLD1,5518.58
2025-12-31 05:50:00,TAS1,898.49
2025-12-31 05:50:00,VIC1,3946.2
2025-12-31 05:55:00,NSW1,6029.7
2025-12-31 05:55:00,QLD1,5479.57
2025-12-31 05:55:00,SA1,1350.94
2025-12-31 05:55:00,TAS1,907.39
2025-12-31 05:55:00,VIC1,3970.16
2025-12-31 06:00:00,NSW1,6010.86
2025-12-31 06:00:00,QLD1,5428.3
2025-12-31 06:00:00,SA1,1329.32
2025-12-31 06:00:00,TAS1,909.88
2025-12-31 06:00:00,VIC1,3962.73
2025-12-31 06:05:00,NSW1,5986.89
2025-12-31 06:05:00,QLD1,5467.69
2025-12-31 06:05:00,SA1,1325.52
2025-12-31 06:05:00,TAS1,912.16
2025-12-31 06:10:00,SA1,1328.23
2025-12-31 06:05:00,VIC1,3977.72
2025-12-31 06:10:00,NSW1,5977.32
2025-12-31 06:10:00,QLD1,5460.03
2025-12-31 06:10:00,TAS1,919.2
2025-12-31 06:10:00,VIC1,3956.47
2025-12-31 06:15:00,NSW1,5951.54
2025-12-31 06:15:00,QLD1,5415.48
2025-12-31 06:15:00,SA1,1306.09
2025-12-31 06:15:00,TAS1,924.09
2025-12-31 06:15:00,VIC1,3969.78
2025-12-31 06:20:00,NSW1,5947.98
2025-12-31 06:20:00,QLD1,5423.01
2025-12-31 06:20:00,SA1,1308.88
2025-12-31 06:20:00,TAS1,925.7
2025-12-31 06:20:00,VIC1,4005.98
2025-12-31 06:25:00,NSW1,5958.42
2025-12-31 06:25:00,QLD1,5407.98
2025-12-31 06:25:00,SA1,1295.23
2025-12-31 06:25:00,TAS1,925.66
2025-12-31 06:30:00,SA1,1289.77
2025-12-31 06:25:00,VIC1,3979.09
2025-12-31 06:30:00,NSW1,5871.29
2025-12-31 06:30:00,QLD1,5444.92
2025-12-31 06:30:00,TAS1,930.93
2025-12-31 06:30:00,VIC1,3938.58
2025-12-31 06:35:00,NSW1,5860.25
2025-12-31 06:35:00,QLD1,5343.01
2025-12-31 06:35:00,SA1,1283.21
2025-12-31 06:35:00,TAS1,945.18
2025-12-31 06:35:00,VIC1,3964.29
2025-12-31 06:40:00,NSW1,5816.3
2025-12-31 06:40:00,QLD1,5338.72
2025-12-31 06:40:00,SA1,1265.54
2025-12-31 06:40:00,TAS1,951.12
2025-12-31 06:40:00,VIC1,3933.05
2025-12-31 06:45:00,NSW1,5781.09
2025-12-31 06:45:00,QLD1,5292.79
2025-12-31 06:45:00,SA1,1272.17
2025-12-31 06:45:00,TAS1,939.63
2025-12-31 06:50:00,SA1,1260.85
2025-12-31 06:45:00,VIC1,3911.7
2025-12-31 06:50:00,NSW1,5682.65
2025-12-31 06:50:00,QLD1,5276.89
2025-12-31 06:50:00,TAS1,942.96
2025-12-31 06:50:00,VIC1,3829.22
2025-12-31 06:55:00,NSW1,5643.72
2025-12-31 06:55:00,QLD1,5224.63
2025-12-31 06:55:00,SA1,1260.5
2025-12-31 06:55:00,TAS1,955.99
2025-12-31 06:55:00,VIC1,3839.1
2025-12-31 07:00:00,NSW1,5578.79
2025-12-31 07:00:00,QLD1,5179.47
2025-12-31 07:00:00,SA1,1230.79
2025-12-31 07:00:00,TAS1,967.24
2025-12-31 07:00:00,VIC1,3760.15
2025-12-31 07:05:00,NSW1,5650.74
2025-12-31 07:05:00,QLD1,5091.64
2025-12-31 07:05:00,SA1,1225.52
2025-12-31 07:05:00,TAS1,966.26
2025-12-31 07:10:00,SA1,1194.37
2025-12-31 07:05:00,VIC1,3760.8
2025-12-31 07:10:00,NSW1,5693.79
2025-12-31 07:10:00,QLD1,5101.92
2025-12-31 07:10:00,TAS1,953.61
2025-12-31 07:10:00,VIC1,3685.99
2025-12-31 07:15:00,NSW1,5651.38
2025-12-31 07:15:00,QLD1,5143.88
2025-12-31 07:15:00,SA1,1153.03
2025-12-31 07:15:00,TAS1,942.85
2025-12-31 07:15:00,VIC1,3711.03
2025-12-31 07:20:00,NSW1,5612.48
2025-12-31 07:20:00,QLD1,5155.56
2025-12-31 07:20:00,SA1,1138.91
2025-12-31 07:20:00,TAS1,943.25
2025-12-31 07:20:00,VIC1,3685.1
2025-12-31 07:25:00,NSW1,5643.5
2025-12-31 07:25:00,QLD1,5048.2
2025-12-31 07:25:00,SA1,1110.54
2025-12-31 07:25:00,TAS1,926.28
2025-12-31 07:30:00,SA1,1096.26
2025-12-31 07:25:00,VIC1,3631.2
2025-12-31 07:30:00,NSW1,5671.29
2025-12-31 07:30:00,QLD1,4925.2
2025-12-31 07:30:00,TAS1,920.21
2025-12-31 07:30:00,VIC1,3673.34
2025-12-31 07:35:00,NSW1,5664.94
2025-12-31 07:35:00,QLD1,4974.0
2025-12-31 07:35:00,SA1,1146.23
2025-12-31 07:35:00,TAS1,923.31
2025-12-31 07:35:00,VIC1,3628.8
2025-12-31 07:40:00,NSW1,5641.48
2025-12-31 07:40:00,QLD1,4876.63
2025-12-31 07:40:00,SA1,1010.61
2025-12-31 07:40:00,TAS1,925.59
2025-12-31 07:40:00,VIC1,3521.57
2025-12-31 07:45:00,NSW1,5593.83
2025-12-31 07:45:00,QLD1,4966.16
2025-12-31 07:45:00,SA1,997.45
2025-12-31 07:45:00,TAS1,911.7
2025-12-31 07:50:00,SA1,962.85
2025-12-31 07:45:00,VIC1,3522.96
2025-12-31 07:50:00,NSW1,5520.62
2025-12-31 07:50:00,QLD1,4734.72
2025-12-31 07:50:00,TAS1,906.31
2025-12-31 07:50:00,VIC1,3528.51
2025-12-31 07:55:00,NSW1,5458.5
2025-12-31 07:55:00,QLD1,4781.99
2025-12-31 07:55:00,SA1,981.16
2025-12-31 07:55:00,TAS1,898.97
2025-12-31 07:55:00,VIC1,3490.91
2025-12-31 08:00:00,NSW1,5379.34
2025-12-31 08:00:00,QLD1,4682.62
2025-12-31 08:00:00,SA1,935.76
2025-12-31 08:00:00,TAS1,911.4
2025-12-31 08:00:00,VIC1,3366.36
2025-12-31 08:05:00,NSW1,5297.99
2025-12-31 08:05:00,QLD1,4667.41
2025-12-31 08:05:00,SA1,914.89
2025-12-31 08:05:00,TAS1,902.56
2025-12-31 08:10:00,SA1,881.08
2025-12-31 08:05:00,VIC1,3372.66
2025-12-31 08:10:00,NSW1,5320.61
2025-12-31 08:10:00,QLD1,4720.14
2025-12-31 08:10:00,TAS1,914.96
2025-12-31 08:10:00,VIC1,3370.9
2025-12-31 08:15:00,NSW1,5409.98
2025-12-31 08:15:00,QLD1,4598.1
2025-12-31 08:15:00,SA1,838.64
2025-12-31 08:15:00,TAS1,913.26
2025-12-31 08:15:00,VIC1,3273.4
2025-12-31 08:20:00,NSW1,5330.69
2025-12-31 08:20:00,QLD1,4669.59
2025-12-31 08:20:00,SA1,795.89
2025-12-31 08:20:00,TAS1,896.87
2025-12-31 08:20:00,VIC1,3303.1
2025-12-31 08:25:00,NSW1,5376.58
2025-12-31 08:25:00,QLD1,4530.48
2025-12-31 08:25:00,SA1,782.58
2025-12-31 08:25:00,TAS1,886.81
2025-12-31 08:25:00,VIC1,3183.62
2025-12-31 08:30:00,TAS1,889.88
2025-12-31 08:30:00,NSW1,5405.09
2025-12-31 08:30:00,QLD1,4616.61
2025-12-31 08:30:00,SA1,739.88
2025-12-31 08:30:00,VIC1,3176.86
2025-12-31 08:35:00,NSW1,5278.49
2025-12-31 08:35:00,QLD1,4502.13
2025-12-31 08:35:00,SA1,721.44
2025-12-31 08:35:00,TAS1,890.26
2025-12-31 08:35:00,VIC1,3108.22
2025-12-31 08:40:00,NSW1,5248.22
2025-12-31 08:40:00,QLD1,4475.71
2025-12-31 08:40:00,SA1,671.04
2025-12-31 08:40:00,TAS1,875.88
2025-12-31 08:40:00,VIC1,3028.99
2025-12-31 08:45:00,NSW1,5187.94
2025-12-31 08:45:00,QLD1,4487.41
2025-12-31 08:45:00,SA1,637.07
2025-12-31 08:45:00,TAS1,866.73
2025-12-31 08:45:00,VIC1,2984.81
2025-12-31 08:50:00,TAS1,859.72
2025-12-31 08:50:00,NSW1,5127.97
2025-12-31 08:50:00,QLD1,4477.55
2025-12-31 08:50:00,SA1,585.63
2025-12-31 08:50:00,VIC1,3078.19
2025-12-31 08:55:00,NSW1,5061.41
2025-12-31 08:55:00,QLD1,4406.06
2025-12-31 08:55:00,SA1,551.04
2025-12-31 08:55:00,TAS1,856.98
2025-12-31 08:55:00,VIC1,3089.49
2025-12-31 09:00:00,NSW1,5065.29
2025-12-31 09:00:00,QLD1,4457.23
2025-12-31 09:00:00,SA1,512.86
2025-12-31 09:00:00,TAS1,833.14
2025-12-31 09:00:00,VIC1,3047.82
2025-12-31 09:05:00,NSW1,5044.0
2025-12-31 09:05:00,QLD1,4419.01
2025-12-31 09:05:00,SA1,485.14
2025-12-31 09:05:00,TAS1,821.56
2025-12-31 09:05:00,VIC1,2992.56
2025-12-31 09:10:00,NSW1,5163.65
2025-12-31 09:10:00,VIC1,2982.16
2025-12-31 09:10:00,QLD1,4414.22
2025-12-31 09:10:00,SA1,446.92
2025-12-31 09:10:00,TAS1,813.99
2025-12-31 09:15:00,NSW1,5293.89
2025-12-31 09:15:00,QLD1,4335.76
2025-12-31 09:15:00,SA1,430.87
2025-12-31 09:15:00,TAS1,820.07
2025-12-31 09:15:00,VIC1,2904.63
2025-12-31 09:20:00,NSW1,5330.7
2025-12-31 09:20:00,QLD1,4318.17
2025-12-31 09:20:00,SA1,444.9
2025-12-31 09:20:00,TAS1,822.02
2025-12-31 09:20:00,VIC1,2925.79
2025-12-31 09:25:00,NSW1,5320.48
2025-12-31 09:25:00,QLD1,4236.46
2025-12-31 09:25:00,SA1,376.94
2025-12-31 09:25:00,TAS1,828.12
2025-12-31 09:25:00,VIC1,2814.4
2025-12-31 09:30:00,NSW1,5203.21
2025-12-31 09:30:00,VIC1,2783.91
2025-12-31 09:30:00,QLD1,4190.47
2025-12-31 09:30:00,SA1,323.5
2025-12-31 09:30:00,TAS1,821.09
2025-12-31 09:35:00,NSW1,5230.52
2025-12-31 09:35:00,QLD1,4197.18
2025-12-31 09:35:00,SA1,371.56
2025-12-31 09:35:00,TAS1,814.55
2025-12-31 09:35:00,VIC1,2783.0
2025-12-31 09:40:00,NSW1,5318.86
2025-12-31 09:40:00,QLD1,4176.26
2025-12-31 09:40:00,SA1,320.59
2025-12-31 09:40:00,TAS1,802.0
2025-12-31 09:40:00,VIC1,2724.06
2025-12-31 09:45:00,NSW1,5393.59
2025-12-31 09:45:00,QLD1,4191.08
2025-12-31 09:45:00,SA1,313.6
2025-12-31 09:45:00,TAS1,789.57
2025-12-31 09:45:00,VIC1,2694.82
2025-12-31 09:50:00,NSW1,5451.37
2025-12-31 09:50:00,VIC1,2692.71
2025-12-31 09:50:00,QLD1,4147.61
2025-12-31 09:50:00,SA1,256.7
2025-12-31 09:50:00,TAS1,792.85
2025-12-31 09:55:00,NSW1,5532.77
2025-12-31 09:55:00,QLD1,4150.73
2025-12-31 09:55:00,SA1,259.9
2025-12-31 09:55:00,TAS1,788.12
2025-12-31 09:55:00,VIC1,2662.48
2025-12-31 10:00:00,NSW1,5581.96
2025-12-31 10:00:00,QLD1,4063.7
2025-12-31 10:00:00,SA1,219.07
2025-12-31 10:00:00,TAS1,786.37
2025-12-31 10:00:00,VIC1,2697.59
2025-12-31 10:05:00,NSW1,5637.81
2025-12-31 10:05:00,QLD1,4112.54
2025-12-31 10:05:00,SA1,217.07
2025-12-31 10:05:00,TAS1,777.96
2025-12-31 10:05:00,VIC1,2686.66
2025-12-31 10:10:00,NSW1,5653.67
2025-12-31 10:10:00,VIC1,2715.57
2025-12-31 10:10:00,QLD1,4147.23
2025-12-31 10:10:00,SA1,203.62
2025-12-31 10:10:00,TAS1,759.2
2025-12-31 10:15:00,NSW1,5567.76
2025-12-31 10:15:00,QLD1,4172.87
2025-12-31 10:15:00,SA1,215.07
2025-12-31 10:15:00,TAS1,763.04
2025-12-31 10:15:00,VIC1,2703.47
2025-12-31 10:20:00,NSW1,5576.42
2025-12-31 10:20:00,QLD1,4169.13
2025-12-31 10:20:00,SA1,164.63
2025-12-31 10:20:00,TAS1,767.44
2025-12-31 10:20:00,VIC1,2679.32
2025-12-31 10:25:00,NSW1,5443.46
2025-12-31 10:25:00,QLD1,4139.81
2025-12-31 10:25:00,SA1,139.04
2025-12-31 10:25:00,TAS1,769.94
2025-12-31 10:25:00,VIC1,2676.17
2025-12-31 10:30:00,NSW1,5481.31
2025-12-31 10:30:00,VIC1,2635.3
2025-12-31 10:30:00,QLD1,4148.24
2025-12-31 10:30:00,SA1,122.21
2025-12-31 10:30:00,TAS1,758.22
2025-12-31 10:35:00,NSW1,5437.82
2025-12-31 10:35:00,QLD1,4200.66
2025-12-31 10:35:00,SA1,112.82
2025-12-31 10:35:00,TAS1,745.22
2025-12-31 10:35:00,VIC1,2645.84
2025-12-31 10:40:00,NSW1,5457.18
2025-12-31 10:40:00,QLD1,4169.45
2025-12-31 10:40:00,SA1,110.5
2025-12-31 10:40:00,TAS1,736.72
2025-12-31 10:40:00,VIC1,2615.14
2025-12-31 10:45:00,NSW1,5226.91
2025-12-31 10:45:00,QLD1,4148.89
2025-12-31 10:45:00,SA1,126.84
2025-12-31 10:45:00,TAS1,732.27
2025-12-31 10:45:00,VIC1,2602.86
2025-12-31 10:50:00,NSW1,5101.53
2025-12-31 10:50:00,VIC1,2639.28
2025-12-31 10:50:00,QLD1,4095.2
2025-12-31 10:50:00,SA1,117.38
2025-12-31 10:50:00,TAS1,735.79
2025-12-31 10:55:00,NSW1,4999.77
2025-12-31 10:55:00,QLD1,4153.16
2025-12-31 10:55:00,SA1,118.55
2025-12-31 10:55:00,TAS1,738.95
2025-12-31 10:55:00,VIC1,2606.19
2025-12-31 11:00:00,NSW1,5023.54
2025-12-31 11:00:00,QLD1,4213.15
2025-12-31 11:00:00,SA1,78.86
2025-12-31 11:00:00,TAS1,739.88
2025-12-31 11:00:00,VIC1,2582.71
2025-12-31 11:05:00,NSW1,5000.21
2025-12-31 11:05:00,QLD1,4190.46
2025-12-31 11:05:00,SA1,62.99
2025-12-31 11:05:00,TAS1,727.0
2025-12-31 11:05:00,VIC1,2594.67
2025-12-31 11:10:00,NSW1,4873.7
2025-12-31 11:10:00,VIC1,2613.64
2025-12-31 11:10:00,QLD1,4340.27
2025-12-31 11:10:00,SA1,77.76
2025-12-31 11:10:00,TAS1,723.99
2025-12-31 11:15:00,NSW1,4864.26
2025-12-31 11:15:00,QLD1,4398.86
2025-12-31 11:15:00,SA1,73.5
2025-12-31 11:15:00,TAS1,722.08
2025-12-31 11:15:00,VIC1,2581.5
2025-12-31 11:20:00,NSW1,4845.55
2025-12-31 11:20:00,QLD1,4392.16
2025-12-31 11:20:00,SA1,56.42
2025-12-31 11:20:00,TAS1,704.96
2025-12-31 11:20:00,VIC1,2542.18
2025-12-31 11:25:00,NSW1,4892.91
2025-12-31 11:25:00,QLD1,4482.01
2025-12-31 11:25:00,SA1,42.7
2025-12-31 11:25:00,TAS1,710.09
2025-12-31 11:25:00,VIC1,2582.04
2025-12-31 11:30:00,NSW1,4887.02
2025-12-31 11:30:00,QLD1,4512.82
2025-12-31 11:35:00,NSW1,4891.48
2025-12-31 11:30:00,SA1,-4.98
2025-12-31 11:30:00,TAS1,706.66
2025-12-31 11:30:00,VIC1,2516.89
2025-12-31 11:35:00,QLD1,4447.44
2025-12-31 11:35:00,SA1,-3.52
2025-12-31 11:35:00,TAS1,717.84
2025-12-31 11:35:00,VIC1,2557.43
2025-12-31 11:40:00,NSW1,4971.02
2025-12-31 11:40:00,QLD1,4536.16
2025-12-31 11:40:00,SA1,-21.03
2025-12-31 11:40:00,TAS1,643.26
2025-12-31 11:40:00,VIC1,2469.05
2025-12-31 11:45:00,NSW1,4973.75
2025-12-31 11:45:00,QLD1,4556.3
2025-12-31 11:45:00,SA1,-20.48
2025-12-31 11:45:00,TAS1,595.91
2025-12-31 11:45:00,VIC1,2529.68
2025-12-31 11:50:00,NSW1,4926.99
2025-12-31 11:50:00,QLD1,4559.23
2025-12-31 11:50:00,SA1,-15.57
2025-12-31 11:55:00,QLD1,4574.21
2025-12-31 11:50:00,TAS1,587.92
2025-12-31 11:50:00,VIC1,2487.19
2025-12-31 11:55:00,NSW1,4995.1
2025-12-31 11:55:00,SA1,-29.52
2025-12-31 11:55:00,TAS1,597.86
2025-12-31 11:55:00,VIC1,2477.88
2025-12-31 12:00:00,NSW1,5044.74
2025-12-31 12:00:00,QLD1,4681.7
2025-12-31 12:00:00,SA1,-0.29
2025-12-31 12:00:00,TAS1,647.92
2025-12-31 12:00:00,VIC1,2474.65
2025-12-31 12:05:00,NSW1,5056.51
2025-12-31 12:05:00,QLD1,4594.37
2025-12-31 12:05:00,SA1,-11.46
2025-12-31 12:05:00,TAS1,685.53
2025-12-31 12:05:00,VIC1,2512.91
2025-12-31 12:10:00,NSW1,5039.61
2025-12-31 12:10:00,QLD1,4701.15
2025-12-31 12:10:00,SA1,-22.48
2025-12-31 12:10:00,TAS1,702.35
2025-12-31 12:15:00,SA1,-54.37
2025-12-31 12:10:00,VIC1,2488.96
2025-12-31 12:15:00,NSW1,4956.58
2025-12-31 12:15:00,QLD1,4687.61
2025-12-31 12:15:00,TAS1,702.61
2025-12-31 12:15:00,VIC1,2470.72
2025-12-31 12:20:00,NSW1,4911.64
2025-12-31 12:20:00,QLD1,4777.51
2025-12-31 12:20:00,SA1,-64.62
2025-12-31 12:20:00,TAS1,687.84
2025-12-31 12:20:00,VIC1,2400.33
2025-12-31 12:25:00,NSW1,4993.06
2025-12-31 12:25:00,QLD1,4758.5
2025-12-31 12:25:00,SA1,-68.63
2025-12-31 12:25:00,TAS1,694.59
2025-12-31 12:25:00,VIC1,2404.51
2025-12-31 12:30:00,NSW1,5079.77
2025-12-31 12:30:00,QLD1,4825.34
2025-12-31 12:30:00,SA1,-89.58
2025-12-31 12:30:00,TAS1,671.77
2025-12-31 12:35:00,SA1,-83.62
2025-12-31 12:30:00,VIC1,2355.76
2025-12-31 12:35:00,NSW1,5244.5
2025-12-31 12:35:00,QLD1,4856.46
2025-12-31 12:35:00,TAS1,675.38
2025-12-31 12:35:00,VIC1,2384.69
2025-12-31 12:40:00,NSW1,5372.96
2025-12-31 12:40:00,QLD1,4965.41
2025-12-31 12:40:00,SA1,-67.19
2025-12-31 12:40:00,TAS1,674.15
2025-12-31 12:40:00,VIC1,2436.5
2025-12-31 12:45:00,NSW1,5337.97
2025-12-31 12:45:00,QLD1,4903.89
2025-12-31 12:45:00,SA1,-105.72
2025-12-31 12:45:00,TAS1,656.22
2025-12-31 12:45:00,VIC1,2441.82
2025-12-31 12:50:00,NSW1,5298.13
2025-12-31 12:50:00,QLD1,4979.96
2025-12-31 12:50:00,SA1,-114.46
2025-12-31 12:50:00,TAS1,660.09
2025-12-31 12:50:00,VIC1,2512.26
2025-12-31 12:55:00,TAS1,660.03
2025-12-31 12:55:00,NSW1,5260.43
2025-12-31 12:55:00,QLD1,4981.78
2025-12-31 12:55:00,SA1,-77.19
2025-12-31 12:55:00,VIC1,2517.27
2025-12-31 13:00:00,NSW1,5300.55
2025-12-31 13:00:00,QLD1,4959.1
2025-12-31 13:00:00,SA1,-82.62
2025-12-31 13:00:00,TAS1,648.52
2025-12-31 13:00:00,VIC1,2535.95
2025-12-31 13:05:00,NSW1,5371.37
2025-12-31 13:05:00,QLD1,5024.75
2025-12-31 13:05:00,SA1,-71.85
2025-12-31 13:05:00,TAS1,655.86
2025-12-31 13:05:00,VIC1,2537.02
2025-12-31 13:10:00,NSW1,5446.91
2025-12-31 13:10:00,QLD1,5046.09
2025-12-31 13:10:00,SA1,-77.5
2025-12-31 13:10:00,TAS1,645.29
2025-12-31 13:10:00,VIC1,2557.17
2025-12-31 13:15:00,TAS1,654.64
2025-12-31 13:15:00,NSW1,5418.83
2025-12-31 13:15:00,QLD1,5200.26
2025-12-31 13:15:00,SA1,-76.22
2025-12-31 13:15:00,VIC1,2506.31
2025-12-31 13:20:00,NSW1,5398.32
2025-12-31 13:20:00,QLD1,5178.1
2025-12-31 13:20:00,SA1,-97.48
2025-12-31 13:20:00,TAS1,658.97
2025-12-31 13:20:00,VIC1,2533.52
2025-12-31 13:25:00,NSW1,5444.48
2025-12-31 13:25:00,QLD1,5157.56
2025-12-31 13:25:00,SA1,-103.54
2025-12-31 13:25:00,TAS1,667.71
2025-12-31 13:25:00,VIC1,2565.54
2025-12-31 13:30:00,NSW1,5509.62
2025-12-31 13:30:00,QLD1,5201.94
2025-12-31 13:30:00,SA1,-65.87
2025-12-31 13:30:00,TAS1,669.14
2025-12-31 13:30:00,VIC1,2589.18
2025-12-31 13:35:00,TAS1,674.44
2025-12-31 13:35:00,NSW1,5553.41
2025-12-31 13:35:00,QLD1,5253.41
2025-12-31 13:35:00,SA1,-64.33
2025-12-31 13:35:00,VIC1,2653.89
2025-12-31 13:40:00,NSW1,5610.56
2025-12-31 13:40:00,QLD1,5279.06
2025-12-31 13:40:00,SA1,-35.31
2025-12-31 13:40:00,TAS1,673.33
2025-12-31 13:40:00,VIC1,2656.85
2025-12-31 13:45:00,NSW1,5520.05
2025-12-31 13:45:00,QLD1,5411.06
2025-12-31 13:45:00,SA1,-46.96
2025-12-31 13:45:00,TAS1,668.5
2025-12-31 13:45:00,VIC1,2667.41
2025-12-31 13:50:00,NSW1,5335.16
2025-12-31 13:50:00,QLD1,5430.85
2025-12-31 13:50:00,SA1,-25.37
2025-12-31 13:50:00,TAS1,660.04
2025-12-31 13:50:00,VIC1,2696.3
2025-12-31 13:55:00,NSW1,5321.86
2025-12-31 13:55:00,VIC1,2709.17
2025-12-31 13:55:00,QLD1,5681.62
2025-12-31 13:55:00,SA1,3.22
2025-12-31 13:55:00,TAS1,667.88
2025-12-31 14:00:00,NSW1,5350.18
2025-12-31 14:00:00,QLD1,5778.11
2025-12-31 14:00:00,SA1,-6.8
2025-12-31 14:00:00,TAS1,668.71
2025-12-31 14:00:00,VIC1,2661.71
2025-12-31 14:05:00,NSW1,5469.04
2025-12-31 14:05:00,QLD1,5691.94
2025-12-31 14:05:00,SA1,8.35
2025-12-31 14:05:00,TAS1,674.14
2025-12-31 14:05:00,VIC1,2666.93
2025-12-31 14:10:00,NSW1,5561.14
2025-12-31 14:10:00,QLD1,5660.57
2025-12-31 14:10:00,SA1,4.32
2025-12-31 14:10:00,TAS1,670.63
2025-12-31 14:10:00,VIC1,2693.39
2025-12-31 14:15:00,NSW1,5701.2
2025-12-31 14:15:00,QLD1,5750.99
2025-12-31 14:20:00,NSW1,5728.79
2025-12-31 14:15:00,SA1,-9.03
2025-12-31 14:15:00,TAS1,675.93
2025-12-31 14:15:00,VIC1,2660.69
2025-12-31 14:20:00,QLD1,5874.84
2025-12-31 14:20:00,SA1,-9.9
2025-12-31 14:20:00,TAS1,683.17
2025-12-31 14:20:00,VIC1,2640.75
2025-12-31 14:25:00,NSW1,5822.06
2025-12-31 14:25:00,QLD1,5915.88
2025-12-31 14:25:00,SA1,1.39
2025-12-31 14:25:00,TAS1,689.78
2025-12-31 14:25:00,VIC1,2609.48
2025-12-31 14:30:00,NSW1,6038.15
2025-12-31 14:30:00,QLD1,5955.61
2025-12-31 14:30:00,SA1,12.8
2025-12-31 14:30:00,TAS1,691.85
2025-12-31 14:30:00,VIC1,2573.43
2025-12-31 14:35:00,NSW1,6110.65
2025-12-31 14:35:00,QLD1,5904.77
2025-12-31 14:35:00,SA1,11.59
2025-12-31 14:40:00,QLD1,6024.74
2025-12-31 14:35:00,TAS1,692.8
2025-12-31 14:35:00,VIC1,2543.75
2025-12-31 14:40:00,NSW1,6259.31
2025-12-31 14:40:00,SA1,17.86
2025-12-31 14:40:00,TAS1,700.89
2025-12-31 14:40:00,VIC1,2544.78
2025-12-31 14:45:00,NSW1,6252.44
2025-12-31 14:45:00,QLD1,6159.49
2025-12-31 14:45:00,SA1,39.4
2025-12-31 14:45:00,TAS1,712.64
2025-12-31 14:45:00,VIC1,2572.48
2025-12-31 14:50:00,NSW1,6337.06
2025-12-31 14:50:00,QLD1,6144.06
2025-12-31 14:50:00,SA1,16.61
2025-12-31 14:50:00,TAS1,709.18
2025-12-31 14:50:00,VIC1,2575.69
2025-12-31 14:55:00,NSW1,6395.38
2025-12-31 14:55:00,QLD1,6195.86
2025-12-31 14:55:00,SA1,57.05
2025-12-31 14:55:00,TAS1,710.03
2025-12-31 15:00:00,SA1,48.77
2025-12-31 14:55:00,VIC1,2633.44
2025-12-31 15:00:00,NSW1,6448.34
2025-12-31 15:00:00,QLD1,6340.92
2025-12-31 15:00:00,TAS1,709.2
2025-12-31 15:00:00,VIC1,2684.89
2025-12-31 15:05:00,NSW1,6514.28
2025-12-31 15:05:00,QLD1,6471.81
2025-12-31 15:05:00,SA1,82.71
2025-12-31 15:05:00,TAS1,711.16
2025-12-31 15:05:00,VIC1,2715.09
2025-12-31 15:10:00,NSW1,6576.02
2025-12-31 15:10:00,QLD1,6548.77
2025-12-31 15:10:00,SA1,99.82
2025-12-31 15:10:00,TAS1,718.3
2025-12-31 15:10:00,VIC1,2689.14
2025-12-31 15:15:00,NSW1,6477.68
2025-12-31 15:15:00,QLD1,6564.18
2025-12-31 15:15:00,SA1,115.66
2025-12-31 15:15:00,TAS1,731.42
2025-12-31 15:20:00,SA1,124.09
2025-12-31 15:15:00,VIC1,2728.58
2025-12-31 15:20:00,NSW1,6474.96
2025-12-31 15:20:00,QLD1,6576.68
2025-12-31 15:20:00,TAS1,735.16
2025-12-31 15:20:00,VIC1,2795.33
2025-12-31 15:25:00,NSW1,6284.51
2025-12-31 15:25:00,QLD1,6705.7
2025-12-31 15:25:00,SA1,128.81
2025-12-31 15:25:00,TAS1,737.29
2025-12-31 15:25:00,VIC1,2842.25
2025-12-31 15:30:00,NSW1,6297.43
2025-12-31 15:30:00,QLD1,6751.94
2025-12-31 15:30:00,SA1,173.95
2025-12-31 15:30:00,TAS1,751.39
2025-12-31 15:30:00,VIC1,2886.0
2025-12-31 15:35:00,NSW1,6233.9
2025-12-31 15:35:00,QLD1,6883.72
2025-12-31 15:35:00,SA1,203.35
2025-12-31 15:35:00,TAS1,753.73
2025-12-31 15:40:00,SA1,189.32
2025-12-31 15:35:00,VIC1,2908.76
2025-12-31 15:40:00,NSW1,6088.72
2025-12-31 15:40:00,QLD1,6975.68
2025-12-31 15:40:00,TAS1,764.47
2025-12-31 15:40:00,VIC1,2951.29
2025-12-31 15:45:00,NSW1,6070.49
2025-12-31 15:45:00,QLD1,7147.74
2025-12-31 15:45:00,SA1,229.76
2025-12-31 15:45:00,TAS1,773.57
2025-12-31 15:45:00,VIC1,2965.03
2025-12-31 15:50:00,NSW1,6063.3
2025-12-31 15:50:00,QLD1,7206.34
2025-12-31 15:50:00,SA1,236.67
2025-12-31 15:50:00,TAS1,768.55
2025-12-31 15:50:00,VIC1,3035.68
2025-12-31 15:55:00,NSW1,6096.01
2025-12-31 15:55:00,QLD1,7283.76
2025-12-31 15:55:00,SA1,251.42
2025-12-31 15:55:00,TAS1,762.15
2025-12-31 16:00:00,SA1,272.32
2025-12-31 15:55:00,VIC1,3101.92
2025-12-31 16:00:00,NSW1,6165.44
2025-12-31 16:00:00,QLD1,7297.5
2025-12-31 16:00:00,TAS1,759.27
2025-12-31 16:00:00,VIC1,3194.87
2025-12-31 16:05:00,NSW1,6097.13
2025-12-31 16:05:00,QLD1,7323.06
2025-12-31 16:05:00,SA1,302.62
2025-12-31 16:05:00,TAS1,760.59
2025-12-31 16:05:00,VIC1,3240.93
2025-12-31 16:10:00,NSW1,6234.46
2025-12-31 16:10:00,QLD1,7372.01
2025-12-31 16:10:00,SA1,304.53
2025-12-31 16:10:00,TAS1,759.36
2025-12-31 16:10:00,VIC1,3276.14
2025-12-31 16:15:00,NSW1,6096.99
2025-12-31 16:15:00,QLD1,7462.04
2025-12-31 16:15:00,SA1,339.95
2025-12-31 16:15:00,TAS1,771.64
2025-12-31 16:15:00,VIC1,3300.72
2025-12-31 16:20:00,TAS1,776.34
2025-12-31 16:20:00,NSW1,6179.91
2025-12-31 16:20:00,QLD1,7613.14
2025-12-31 16:20:00,SA1,388.44
2025-12-31 16:20:00,VIC1,3384.3
2025-12-31 16:25:00,NSW1,6295.48
2025-12-31 16:25:00,QLD1,7558.12
2025-12-31 16:25:00,SA1,399.85
2025-12-31 16:25:00,TAS1,781.72
2025-12-31 16:25:00,VIC1,3396.77
2025-12-31 16:30:00,NSW1,6463.79
2025-12-31 16:30:00,QLD1,7652.56
2025-12-31 16:30:00,SA1,459.28
2025-12-31 16:30:00,TAS1,791.98
2025-12-31 16:30:00,VIC1,3458.13
2025-12-31 16:35:00,NSW1,6595.21
2025-12-31 16:35:00,QLD1,7701.87
2025-12-31 16:35:00,SA1,466.71
2025-12-31 16:35:00,TAS1,788.96
2025-12-31 16:35:00,VIC1,3476.0
2025-12-31 16:40:00,TAS1,798.16
2025-12-31 16:40:00,NSW1,6676.07
2025-12-31 16:40:00,QLD1,7808.99
2025-12-31 16:40:00,SA1,477.45
2025-12-31 16:40:00,VIC1,3515.32
2025-12-31 16:45:00,NSW1,6737.29
2025-12-31 16:45:00,QLD1,7932.59
2025-12-31 16:45:00,SA1,519.34
2025-12-31 16:45:00,TAS1,799.69
2025-12-31 16:45:00,VIC1,3576.62
2025-12-31 16:50:00,NSW1,6978.72
2025-12-31 16:50:00,QLD1,8050.83
2025-12-31 16:50:00,SA1,555.77
2025-12-31 16:50:00,TAS1,799.15
2025-12-31 16:50:00,VIC1,3595.69
2025-12-31 16:55:00,NSW1,7021.64
2025-12-31 16:55:00,QLD1,8169.24
2025-12-31 16:55:00,SA1,582.43
2025-12-31 16:55:00,TAS1,811.57
2025-12-31 16:55:00,VIC1,3612.25
2025-12-31 17:00:00,TAS1,821.87
2025-12-31 17:00:00,NSW1,7177.75
2025-12-31 17:00:00,QLD1,8232.2
2025-12-31 17:00:00,SA1,614.72
2025-12-31 17:00:00,VIC1,3725.73
2025-12-31 17:05:00,NSW1,7196.1
2025-12-31 17:05:00,QLD1,8267.03
2025-12-31 17:05:00,SA1,638.43
2025-12-31 17:05:00,TAS1,829.61
2025-12-31 17:05:00,VIC1,3725.18
2025-12-31 17:10:00,NSW1,7233.14
2025-12-31 17:10:00,QLD1,8200.46
2025-12-31 17:10:00,SA1,680.7
2025-12-31 17:10:00,TAS1,833.17
2025-12-31 17:10:00,VIC1,3711.35
2025-12-31 17:15:00,NSW1,7305.75
2025-12-31 17:15:00,QLD1,8234.49
2025-12-31 17:15:00,SA1,712.97
2025-12-31 17:15:00,TAS1,845.63
2025-12-31 17:15:00,VIC1,3758.39
2025-12-31 17:20:00,TAS1,838.64
2025-12-31 17:20:00,NSW1,7258.77
2025-12-31 17:20:00,QLD1,8238.59
2025-12-31 17:20:00,SA1,741.84
2025-12-31 17:20:00,VIC1,3793.93
2025-12-31 17:25:00,NSW1,7297.92
2025-12-31 17:25:00,QLD1,8273.51
2025-12-31 17:25:00,SA1,797.29
2025-12-31 17:25:00,TAS1,849.43
2025-12-31 17:25:00,VIC1,3859.61
2025-12-31 17:30:00,NSW1,7386.46
2025-12-31 17:30:00,QLD1,8275.23
2025-12-31 17:30:00,SA1,818.45
2025-12-31 17:30:00,TAS1,839.6
2025-12-31 17:30:00,VIC1,3854.65
2025-12-31 17:35:00,NSW1,7358.38
2025-12-31 17:35:00,QLD1,8291.76
2025-12-31 17:35:00,SA1,868.96
2025-12-31 17:35:00,TAS1,852.07
2025-12-31 17:35:00,VIC1,3885.01
2025-12-31 17:40:00,TAS1,861.61
2025-12-31 17:40:00,NSW1,7371.47
2025-12-31 17:40:00,QLD1,8280.3
2025-12-31 17:40:00,SA1,860.75
2025-12-31 17:40:00,VIC1,3896.47
2025-12-31 17:45:00,NSW1,7382.29
2025-12-31 17:45:00,QLD1,8265.04
2025-12-31 17:45:00,SA1,883.83
2025-12-31 17:45:00,TAS1,866.66
2025-12-31 17:45:00,VIC1,3963.8
2025-12-31 17:50:00,NSW1,7456.32
2025-12-31 17:50:00,QLD1,8238.51
2025-12-31 17:50:00,SA1,934.41
2025-12-31 17:50:00,TAS1,878.39
2025-12-31 17:50:00,VIC1,4002.97
2025-12-31 17:55:00,NSW1,7470.85
2025-12-31 17:55:00,QLD1,8210.97
2025-12-31 17:55:00,SA1,974.66
2025-12-31 17:55:00,TAS1,873.23
2025-12-31 17:55:00,VIC1,4022.3
2025-12-31 18:00:00,TAS1,872.47
2025-12-31 18:00:00,NSW1,7458.1
2025-12-31 18:00:00,QLD1,8169.89
2025-12-31 18:00:00,SA1,982.43
2025-12-31 18:00:00,VIC1,4020.27
2025-12-31 18:05:00,NSW1,7471.91
2025-12-31 18:05:00,QLD1,8252.51
2025-12-31 18:05:00,SA1,1016.19
2025-12-31 18:05:00,TAS1,875.32
2025-12-31 18:05:00,VIC1,3987.55
2025-12-31 18:10:00,NSW1,7418.85
2025-12-31 18:10:00,QLD1,8115.1
2025-12-31 18:10:00,SA1,947.65
2025-12-31 18:10:00,TAS1,875.68
2025-12-31 18:10:00,VIC1,4065.16
2025-12-31 18:15:00,NSW1,7424.07
2025-12-31 18:15:00,QLD1,8097.51
2025-12-31 18:15:00,SA1,1114.54
2025-12-31 18:15:00,TAS1,881.1
2025-12-31 18:15:00,VIC1,4035.47
2025-12-31 18:20:00,TAS1,880.87
2025-12-31 18:20:00,NSW1,7355.8
2025-12-31 18:20:00,QLD1,8074.25
2025-12-31 18:20:00,SA1,1118.53
2025-12-31 18:20:00,VIC1,4097.87
2025-12-31 18:25:00,NSW1,7370.97
2025-12-31 18:25:00,QLD1,8067.4
2025-12-31 18:25:00,SA1,1140.11
2025-12-31 18:25:00,TAS1,883.58
2025-12-31 18:25:00,VIC1,4081.29
2025-12-31 18:30:00,NSW1,7393.22
2025-12-31 18:30:00,QLD1,8141.52
2025-12-31 18:30:00,SA1,1149.04
2025-12-31 18:30:00,TAS1,886.72
2025-12-31 18:30:00,VIC1,4157.45
2025-12-31 18:35:00,NSW1,7369.02
2025-12-31 18:35:00,QLD1,8076.59
2025-12-31 18:35:00,SA1,1187.37
2025-12-31 18:35:00,TAS1,891.32
2025-12-31 18:35:00,VIC1,4103.47
2025-12-31 18:40:00,TAS1,900.89
2025-12-31 18:40:00,NSW1,7292.78
2025-12-31 18:40:00,QLD1,8074.55
2025-12-31 18:40:00,SA1,1207.74
2025-12-31 18:40:00,VIC1,4204.0
2025-12-31 18:45:00,NSW1,7366.5
2025-12-31 18:45:00,QLD1,7994.16
2025-12-31 18:45:00,SA1,1227.68
2025-12-31 18:45:00,TAS1,896.13
2025-12-31 18:45:00,VIC1,4223.16
2025-12-31 18:50:00,NSW1,7321.54
2025-12-31 18:50:00,QLD1,7981.1
2025-12-31 18:50:00,SA1,1256.93
2025-12-31 18:50:00,TAS1,888.33
2025-12-31 18:50:00,VIC1,4309.01
2025-12-31 18:55:00,NSW1,7269.53
2025-12-31 18:55:00,QLD1,8008.82
2025-12-31 18:55:00,SA1,1273.09
2025-12-31 18:55:00,TAS1,887.65
2025-12-31 18:55:00,VIC1,4353.35
2025-12-31 19:00:00,TAS1,883.95
2025-12-31 19:00:00,NSW1,7209.82
2025-12-31 19:00:00,QLD1,7923.03
2025-12-31 19:00:00,SA1,1306.02
2025-12-31 19:00:00,VIC1,4346.14
2025-12-31 19:05:00,NSW1,7250.69
2025-12-31 19:05:00,QLD1,8010.15
2025-12-31 19:05:00,SA1,1341.05
2025-12-31 19:05:00,TAS1,887.08
2025-12-31 19:05:00,VIC1,4370.3
2025-12-31 19:10:00,NSW1,7216.32
2025-12-31 19:10:00,QLD1,7936.69
2025-12-31 19:10:00,SA1,1372.79
2025-12-31 19:10:00,TAS1,885.42
2025-12-31 19:10:00,VIC1,4379.5
2025-12-31 19:15:00,NSW1,7233.08
2025-12-31 19:15:00,QLD1,7891.39
2025-12-31 19:15:00,SA1,1397.26
2025-12-31 19:15:00,TAS1,885.23
2025-12-31 19:15:00,VIC1,4398.14
2025-12-31 19:20:00,TAS1,888.45
2025-12-31 19:20:00,NSW1,7216.91
2025-12-31 19:20:00,QLD1,7867.68
2025-12-31 19:20:00,SA1,1401.99
2025-12-31 19:20:00,VIC1,4369.87
2025-12-31 19:25:00,NSW1,7247.24
2025-12-31 19:25:00,QLD1,7796.24
2025-12-31 19:25:00,SA1,1443.19
2025-12-31 19:25:00,TAS1,889.46
2025-12-31 19:25:00,VIC1,4346.37
2025-12-31 19:30:00,NSW1,7244.34
2025-12-31 19:30:00,QLD1,7813.02
2025-12-31 19:30:00,SA1,1424.84
2025-12-31 19:30:00,TAS1,891.06
2025-12-31 19:30:00,VIC1,4330.14
2025-12-31 19:35:00,NSW1,7241.99
2025-12-31 19:35:00,QLD1,7772.14
2025-12-31 19:35:00,SA1,1439.26
2025-12-31 19:35:00,TAS1,898.33
2025-12-31 19:35:00,VIC1,4362.16
2025-12-31 19:40:00,TAS1,894.04
2025-12-31 19:40:00,NSW1,7169.81
2025-12-31 19:40:00,QLD1,7762.81
2025-12-31 19:40:00,SA1,1453.47
2025-12-31 19:40:00,VIC1,4371.22
2025-12-31 19:45:00,NSW1,7276.68
2025-12-31 19:45:00,QLD1,7644.85
2025-12-31 19:45:00,SA1,1447.84
2025-12-31 19:45:00,TAS1,894.69
2025-12-31 19:45:00,VIC1,4336.04
2025-12-31 19:50:00,NSW1,7169.8
2025-12-31 19:50:00,QLD1,7602.11
2025-12-31 19:50:00,SA1,1476.15
2025-12-31 19:50:00,TAS1,895.98
2025-12-31 19:50:00,VIC1,4356.93
2025-12-31 19:55:00,NSW1,7176.26
2025-12-31 19:55:00,QLD1,7629.02
2025-12-31 19:55:00,SA1,1488.44
2025-12-31 19:55:00,TAS1,899.05
2025-12-31 19:55:00,VIC1,4340.27
2025-12-31 20:00:00,NSW1,7180.18
2025-12-31 20:00:00,VIC1,4335.82
2025-12-31 20:00:00,QLD1,7529.47
2025-12-31 20:00:00,SA1,1484.04
2025-12-31 20:00:00,TAS1,899.0
2025-12-31 20:05:00,NSW1,7198.59
2025-12-31 20:05:00,QLD1,7516.7
2025-12-31 20:05:00,SA1,1467.46
2025-12-31 20:05:00,TAS1,902.03
2025-12-31 20:05:00,VIC1,4343.26
2025-12-31 20:10:00,NSW1,7137.5
2025-12-31 20:10:00,QLD1,7519.75
2025-12-31 20:10:00,SA1,1471.48
2025-12-31 20:10:00,TAS1,905.32
2025-12-31 20:10:00,VIC1,4342.22
2025-12-31 20:15:00,NSW1,7073.0
2025-12-31 20:15:00,QLD1,7443.27
2025-12-31 20:15:00,SA1,1481.22
2025-12-31 20:15:00,TAS1,907.62
2025-12-31 20:15:00,VIC1,4319.3
2025-12-31 20:20:00,NSW1,7064.3
2025-12-31 20:20:00,QLD1,7434.64
2025-12-31 20:25:00,NSW1,7089.18
2025-12-31 20:20:00,SA1,1443.12
2025-12-31 20:20:00,TAS1,913.83
2025-12-31 20:20:00,VIC1,4306.75
2025-12-31 20:25:00,QLD1,7360.47
2025-12-31 20:25:00,SA1,1453.03
2025-12-31 20:25:00,TAS1,902.05
2025-12-31 20:25:00,VIC1,4266.81
2025-12-31 20:30:00,NSW1,7108.19
2025-12-31 20:30:00,QLD1,7340.18
2025-12-31 20:30:00,SA1,1443.74
2025-12-31 20:30:00,TAS1,910.32
2025-12-31 20:30:00,VIC1,4307.81
2025-12-31 20:35:00,NSW1,7023.08
2025-12-31 20:35:00,QLD1,7289.83
2025-12-31 20:35:00,SA1,1444.98
2025-12-31 20:35:00,TAS1,909.84
2025-12-31 20:35:00,VIC1,4227.19
2025-12-31 20:40:00,NSW1,7077.97
2025-12-31 20:40:00,QLD1,7415.58
2025-12-31 20:40:00,SA1,1479.56
2025-12-31 20:45:00,QLD1,7373.24
2025-12-31 20:40:00,TAS1,910.63
2025-12-31 20:40:00,VIC1,4246.96
2025-12-31 20:45:00,NSW1,6979.05
2025-12-31 20:45:00,SA1,1477.39
2025-12-31 20:45:00,TAS1,903.07
2025-12-31 20:45:00,VIC1,4226.55
2025-12-31 20:50:00,NSW1,7061.1
2025-12-31 20:50:00,QLD1,7311.22
2025-12-31 20:50:00,SA1,1469.46
2025-12-31 20:50:00,TAS1,908.27
2025-12-31 20:50:00,VIC1,4228.52
2025-12-31 20:55:00,NSW1,7070.93
2025-12-31 20:55:00,QLD1,7348.97
2025-12-31 20:55:00,SA1,1451.0
2025-12-31 20:55:00,TAS1,893.22
2025-12-31 20:55:00,VIC1,4218.57
2025-12-31 21:00:00,NSW1,7034.42
2025-12-31 21:00:00,QLD1,7378.16
2025-12-31 21:00:00,SA1,1453.91
2025-12-31 21:00:00,TAS1,898.23
2025-12-31 21:05:00,SA1,1464.54
2025-12-31 21:00:00,VIC1,4171.13
2025-12-31 21:05:00,NSW1,7024.39
2025-12-31 21:05:00,QLD1,7256.48
2025-12-31 21:05:00,TAS1,903.31
2025-12-31 21:05:00,VIC1,4175.94
2025-12-31 21:10:00,NSW1,7133.81
2025-12-31 21:10:00,QLD1,7278.7
2025-12-31 21:10:00,SA1,1451.75
2025-12-31 21:10:00,TAS1,901.65
2025-12-31 21:10:00,VIC1,4155.42
2025-12-31 21:15:00,NSW1,7134.82
2025-12-31 21:15:00,QLD1,7235.01
2025-12-31 21:15:00,SA1,1457.04
2025-12-31 21:15:00,TAS1,905.34
2025-12-31 21:15:00,VIC1,4145.98
2025-12-31 21:20:00,NSW1,7146.74
2025-12-31 21:20:00,QLD1,7184.52
2025-12-31 21:20:00,SA1,1430.2
2025-12-31 21:20:00,TAS1,904.66
2025-12-31 21:20:00,VIC1,4136.46
2025-12-31 21:25:00,TAS1,902.58
2025-12-31 21:25:00,NSW1,7176.82
2025-12-31 21:25:00,QLD1,7241.0
2025-12-31 21:25:00,SA1,1429.49
2025-12-31 21:25:00,VIC1,4151.26
2025-12-31 21:30:00,NSW1,7148.6
2025-12-31 21:30:00,QLD1,7180.44
2025-12-31 21:30:00,SA1,1416.03
2025-12-31 21:30:00,TAS1,901.33
2025-12-31 21:30:00,VIC1,4160.55
2025-12-31 21:35:00,NSW1,7123.22
2025-12-31 21:35:00,QLD1,7129.35
2025-12-31 21:35:00,SA1,1430.72
2025-12-31 21:35:00,TAS1,900.54
2025-12-31 21:35:00,VIC1,4169.82
2025-12-31 21:40:00,NSW1,7177.73
2025-12-31 21:40:00,QLD1,7168.55
2025-12-31 21:40:00,SA1,1449.15
2025-12-31 21:40:00,TAS1,896.81
2025-12-31 21:40:00,VIC1,4112.36
2025-12-31 21:45:00,NSW1,7145.47
2025-12-31 21:45:00,VIC1,4144.24
2025-12-31 21:45:00,QLD1,7112.89
2025-12-31 21:45:00,SA1,1451.95
2025-12-31 21:45:00,TAS1,894.97
2025-12-31 21:50:00,NSW1,7226.22
2025-12-31 21:50:00,QLD1,7055.43
2025-12-31 21:50:00,SA1,1440.9
2025-12-31 21:50:00,TAS1,897.74
2025-12-31 21:50:00,VIC1,4067.37
2025-12-31 21:55:00,NSW1,7186.22
2025-12-31 21:55:00,QLD1,7088.47
2025-12-31 21:55:00,SA1,1441.12
2025-12-31 21:55:00,TAS1,888.29
2025-12-31 21:55:00,VIC1,4079.26
2025-12-31 22:00:00,NSW1,7185.49
2025-12-31 22:00:00,QLD1,7053.82
2025-12-31 22:00:00,SA1,1464.19
2025-12-31 22:00:00,TAS1,880.44
2025-12-31 22:00:00,VIC1,4101.54
2025-12-31 22:05:00,NSW1,7113.91
2025-12-31 22:05:00,QLD1,6941.82
2025-12-31 22:10:00,NSW1,7132.08
2025-12-31 22:05:00,SA1,1457.91
2025-12-31 22:05:00,TAS1,882.01
2025-12-31 22:05:00,VIC1,4058.43
2025-12-31 22:10:00,QLD1,6864.81
2025-12-31 22:10:00,SA1,1473.64
2025-12-31 22:10:00,TAS1,870.33
2025-12-31 22:10:00,VIC1,4039.2
2025-12-31 22:15:00,NSW1,7191.35
2025-12-31 22:15:00,QLD1,6831.75
2025-12-31 22:15:00,SA1,1460.35
2025-12-31 22:15:00,TAS1,867.66
2025-12-31 22:15:00,VIC1,4079.78
2025-12-31 22:20:00,NSW1,7137.25
2025-12-31 22:20:00,QLD1,6737.36
2025-12-31 22:20:00,SA1,1470.89
2025-12-31 22:20:00,TAS1,876.79
2025-12-31 22:20:00,VIC1,4081.75
2025-12-31 22:25:00,NSW1,7131.39
2025-12-31 22:25:00,QLD1,6761.64
2025-12-31 22:25:00,SA1,1456.82
2025-12-31 22:30:00,QLD1,6771.21
2025-12-31 22:25:00,TAS1,879.7
2025-12-31 22:25:00,VIC1,4096.02
2025-12-31 22:30:00,NSW1,7128.0
2025-12-31 22:30:00,SA1,1476.46
2025-12-31 22:30:00,TAS1,879.41
2025-12-31 22:30:00,VIC1,4080.31
2025-12-31 22:35:00,NSW1,7051.51
2025-12-31 22:35:00,QLD1,6723.47
2025-12-31 22:35:00,SA1,1461.6
2025-12-31 22:35:00,TAS1,871.68
2025-12-31 22:35:00,VIC1,4091.54
2025-12-31 22:40:00,NSW1,7081.13
2025-12-31 22:40:00,QLD1,6703.23
2025-12-31 22:40:00,SA1,1436.3
2025-12-31 22:40:00,TAS1,869.07
2025-12-31 22:40:00,VIC1,4103.4
2025-12-31 22:45:00,NSW1,7002.77
2025-12-31 22:45:00,QLD1,6662.32
2025-12-31 22:45:00,SA1,1431.82
2025-12-31 22:45:00,TAS1,864.56
2025-12-31 22:50:00,SA1,1429.97
2025-12-31 22:45:00,VIC1,4064.66
2025-12-31 22:50:00,NSW1,7065.95
2025-12-31 22:50:00,QLD1,6702.55
2025-12-31 22:50:00,TAS1,860.94
2025-12-31 22:50:00,VIC1,4066.04
2025-12-31 22:55:00,NSW1,6976.97
2025-12-31 22:55:00,QLD1,6666.25
2025-12-31 22:55:00,SA1,1447.26
2025-12-31 22:55:00,TAS1,860.53
2025-12-31 22:55:00,VIC1,4061.56
2025-12-31 23:00:00,NSW1,7017.87
2025-12-31 23:00:00,QLD1,6603.67
2025-12-31 23:00:00,SA1,1421.81
2025-12-31 23:00:00,TAS1,859.57
2025-12-31 23:00:00,VIC1,4061.82
2025-12-31 23:05:00,NSW1,6886.24
2025-12-31 23:05:00,QLD1,6558.95
2025-12-31 23:05:00,SA1,1448.01
2025-12-31 23:05:00,TAS1,851.94
2025-12-31 23:05:00,VIC1,4067.11
2025-12-31 23:10:00,TAS1,844.71
2025-12-31 23:10:00,NSW1,6947.74
2025-12-31 23:10:00,QLD1,6639.57
2025-12-31 23:10:00,SA1,1416.28
2025-12-31 23:10:00,VIC1,4179.02
2025-12-31 23:15:00,NSW1,6873.09
2025-12-31 23:15:00,QLD1,6579.77
2025-12-31 23:15:00,SA1,1391.77
2025-12-31 23:15:00,TAS1,847.4
2025-12-31 23:15:00,VIC1,4236.2
2025-12-31 23:20:00,NSW1,6871.74
2025-12-31 23:20:00,QLD1,6538.18
2025-12-31 23:20:00,SA1,1395.05
2025-12-31 23:20:00,TAS1,857.91
2025-12-31 23:20:00,VIC1,4234.54
2025-12-31 23:25:00,NSW1,6793.64
2025-12-31 23:25:00,QLD1,6493.4
2025-12-31 23:25:00,SA1,1415.34
2025-12-31 23:25:00,TAS1,857.95
2025-12-31 23:25:00,VIC1,4271.09
2025-12-31 23:30:00,NSW1,6896.41
2025-12-31 23:30:00,VIC1,4273.08
2025-12-31 23:30:00,QLD1,6505.07
2025-12-31 23:30:00,SA1,1431.42
2025-12-31 23:30:00,TAS1,858.3
2025-12-31 23:35:00,NSW1,6783.26
2025-12-31 23:35:00,QLD1,6502.1
2025-12-31 23:35:00,SA1,1444.96
2025-12-31 23:35:00,TAS1,846.83
2025-12-31 23:35:00,VIC1,4299.87
2025-12-31 23:40:00,NSW1,6815.6
2025-12-31 23:40:00,QLD1,6510.48
2025-12-31 23:40:00,SA1,1470.7
2025-12-31 23:40:00,TAS1,864.44
2025-12-31 23:40:00,VIC1,4242.66
2025-12-31 23:45:00,NSW1,6747.4
2025-12-31 23:45:00,QLD1,6525.66
2025-12-31 23:45:00,SA1,1451.36
2025-12-31 23:45:00,TAS1,857.22
2025-12-31 23:45:00,VIC1,4218.78
2025-12-31 23:50:00,NSW1,6787.87
2025-12-31 23:50:00,QLD1,6502.55
2025-12-31 23:55:00,NSW1,6751.4
2025-12-31 23:50:00,SA1,1445.97
2025-12-31 23:50:00,TAS1,858.7
2025-12-31 23:50:00,VIC1,4201.52
2025-12-31 23:55:00,QLD1,6450.74
2025-12-31 23:55:00,SA1,1415.5
2025-12-31 23:55:00,TAS1,854.68
2025-12-31 23:55:00,VIC1,4162.44
